responseid,accepted_item_in_recycling,not_accepted_item_in_trash,unsure_item_in_trash,not_accepted_item_in_recycling,unsure_item_in_recycling,not_accepted_rc_num_scale,unsure_rc_num_scale,not_accepted_trash_num_scale,unsure_trash_num_scale
R_2dL7Dr8dZTCTKwT,,,,,,0,0,0,0
R_1DvFTBxrtp3Jn7k,Extremely likely,Extremely likely,,Extremely unlikely,,1,0,5,0
R_2S1VkDbgNkHOtu2,Extremely likely,Extremely likely,Extremely likely,Somewhat likely,Somewhat likely,4,4,5,5
R_WAw1Y2Lth9AzEt3,Extremely likely,Extremely likely,Somewhat likely,Somewhat likely,Somewhat likely,4,4,5,4
R_3NXr97CGD8N3bmg,Extremely likely,Extremely likely,Extremely likely,Extremely unlikely,Extremely unlikely,1,1,5,5
R_3oMg4oXhX3tSVRX,Extremely likely,Somewhat likely,Extremely likely,Somewhat unlikely,Extremely unlikely,2,1,4,5
R_Q4fpQoXlaK7Mich,Extremely likely,Somewhat likely,Somewhat likely,Neither likely nor unlikely,Neither likely nor unlikely,3,3,4,4
R_3kiLunV05z4Szeh,Extremely likely,Somewhat likely,Somewhat likely,Somewhat unlikely,Somewhat unlikely,2,2,4,4
R_1KxmkexzynkSl95,Extremely likely,Extremely likely,Extremely likely,Extremely unlikely,Extremely unlikely,1,1,5,5
R_tSROmSFI65uhA2J,Extremely likely,Extremely likely,Neither likely nor unlikely,Somewhat unlikely,Somewhat likely,2,4,5,3
R_3EtDMDxfllMlOjQ,,,Extremely likely,,Extremely likely,0,5,0,5
R_2tLMUvK1EH7DLeG,Extremely likely,Extremely likely,Somewhat likely,Extremely unlikely,Extremely unlikely,1,1,5,4
R_23488oCmFcoTcSo,,Somewhat unlikely,Extremely likely,,,0,0,2,5
R_2RadolWwkWxzk1P,Extremely likely,Extremely likely,Extremely likely,Somewhat unlikely,Somewhat unlikely,2,2,5,5
R_1g2xGtXkn9deN5R,Extremely likely,Extremely likely,Extremely likely,Extremely unlikely,Somewhat unlikely,1,2,5,5
R_2EoWt3uBdqOZimJ,Extremely likely,Somewhat likely,Somewhat likely,Somewhat unlikely,Somewhat likely,2,4,4,4
R_1FS6PynCDXPC9cK,Extremely likely,Neither likely nor unlikely,Somewhat unlikely,Neither likely nor unlikely,Extremely unlikely,3,1,3,2
R_3mlNCY103xrod13,Extremely likely,Somewhat likely,Somewhat likely,Somewhat unlikely,Somewhat unlikely,2,2,4,4
R_2VmccSEFjhd3HdO,Extremely likely,Somewhat likely,Somewhat likely,Extremely unlikely,Extremely unlikely,1,1,4,4
R_1QlIYkuOeDmZBz0,Extremely likely,Extremely likely,Somewhat likely,Neither likely nor unlikely,Somewhat likely,3,4,5,4
R_DOjuEcxc0Ac9XmV,Extremely likely,Extremely likely,Extremely likely,Extremely unlikely,Extremely unlikely,1,1,5,5
R_TiPzLjzfIRiiMOB,Extremely likely,Extremely likely,Somewhat likely,Extremely unlikely,Somewhat unlikely,1,2,5,4
R_2rPBf7hZ2fluqTC,Extremely likely,Somewhat likely,Somewhat likely,Somewhat unlikely,Somewhat unlikely,2,2,4,4
R_2fpNpQlj6haARqq,Extremely likely,Somewhat likely,Somewhat likely,Somewhat unlikely,Somewhat unlikely,2,2,4,4
R_2tledQ3XLda1vEC,Extremely likely,Somewhat likely,Somewhat likely,Extremely unlikely,Somewhat unlikely,1,2,4,4
R_DOxmHFBL1K0uJYB,Extremely likely,Extremely likely,Extremely likely,Somewhat unlikely,Somewhat unlikely,2,2,5,5
R_9vsXwRK28UxJrGN,Extremely likely,Somewhat likely,Neither likely nor unlikely,Extremely likely,Extremely unlikely,5,1,4,3
R_3KAwxBZIyCXBKUY,Neither likely nor unlikely,,,,,0,0,0,0
R_2COioatClxTHs17,Extremely likely,Extremely likely,,Extremely unlikely,Somewhat likely,1,4,5,0
R_C1BgpyLAWVNjNEB,Extremely likely,Extremely likely,Somewhat likely,Extremely unlikely,Neither likely nor unlikely,1,3,5,4
R_3KJhRXggdz4ZlkC,Extremely likely,Somewhat likely,Extremely likely,Extremely likely,Neither likely nor unlikely,5,3,4,5
R_3gZ6y9x1MvVfWoy,Extremely likely,Extremely likely,Somewhat likely,Extremely unlikely,Somewhat unlikely,1,2,5,4
R_2WGqr6r00R9cRFn,Extremely likely,Extremely likely,Extremely likely,Somewhat unlikely,Extremely unlikely,2,1,5,5
R_3fjTI6foFlWsi8a,Extremely likely,Extremely likely,Extremely unlikely,Extremely unlikely,Extremely unlikely,1,1,5,1
R_ulGKVQji1JSWlot,Extremely likely,Somewhat likely,Somewhat likely,Extremely unlikely,Somewhat likely,1,4,4,4
R_1GUM8X3lC3QsDdH,Extremely likely,Extremely unlikely,Somewhat likely,Somewhat unlikely,Somewhat unlikely,2,2,1,4
R_3QDapxcilDJAb0Z,Extremely likely,Extremely likely,Extremely unlikely,Extremely unlikely,Extremely unlikely,1,1,5,1
R_2qsn1iZZtIYa3fb,Extremely likely,Somewhat likely,Extremely likely,Extremely unlikely,Extremely unlikely,1,1,4,5
R_22wQpmE7t8aNRZw,Extremely likely,Extremely likely,Extremely likely,Somewhat unlikely,Extremely unlikely,2,1,5,5
R_3EEC995yU4ZjGjR,Extremely likely,Extremely likely,Somewhat likely,Extremely unlikely,Somewhat likely,1,4,5,4
R_21EQnB8dSzsKVfk,Extremely likely,Extremely likely,Extremely likely,Extremely unlikely,Extremely unlikely,1,1,5,5
R_1H1Vw5z4scuxeDR,Extremely likely,Extremely likely,Somewhat unlikely,Extremely unlikely,Extremely unlikely,1,1,5,2
R_1PY1cGY3K4Pp589,Extremely likely,Extremely likely,Extremely likely,Somewhat unlikely,Somewhat unlikely,2,2,5,5
R_1H1amT7gltHB81c,Extremely likely,Somewhat likely,Somewhat likely,Somewhat unlikely,Neither likely nor unlikely,2,3,4,4
R_1CxbLod3wAaFYBP,Extremely likely,Extremely likely,Extremely likely,Extremely unlikely,Extremely unlikely,1,1,5,5
R_UXFfvIQeOFQKZ5n,Extremely likely,Extremely likely,Extremely likely,Extremely unlikely,Neither likely nor unlikely,1,3,5,5
R_2pQYyMG4dzX0OE6,Extremely likely,Extremely likely,Somewhat likely,Extremely unlikely,Somewhat unlikely,1,2,5,4
R_2VDSkW88jjDy4yq,Extremely likely,Extremely likely,,Extremely unlikely,Extremely unlikely,1,1,5,0
R_3ITaqOxDj5RItE7,Extremely likely,Extremely likely,Somewhat likely,Extremely unlikely,Somewhat unlikely,1,2,5,4
R_1hFr1gxvqvJVX56,Extremely likely,Extremely unlikely,Neither likely nor unlikely,Extremely unlikely,Extremely likely,1,5,1,3
R_1dfZpRDrv2rY7jR,Extremely likely,Extremely likely,Somewhat likely,Somewhat likely,Somewhat likely,4,4,5,4
R_33e5mQ65Tg1UdCK,Extremely likely,Somewhat likely,Extremely unlikely,Extremely unlikely,Somewhat unlikely,1,2,4,1
R_74ck1s16gme4s49,Extremely likely,Extremely likely,Extremely likely,Extremely unlikely,Extremely unlikely,1,1,5,5
R_1fkmHqSIqoB97ou,Extremely likely,Extremely unlikely,Somewhat unlikely,Extremely unlikely,Somewhat unlikely,1,2,1,2
R_2axHFpThijbRi4d,Extremely likely,Extremely likely,Somewhat likely,Somewhat unlikely,Neither likely nor unlikely,2,3,5,4
R_3NCE5vaAX0073xW,Extremely likely,Somewhat likely,Somewhat likely,Somewhat likely,Somewhat likely,4,4,4,4
R_3DvSxJbuBMglw7z,Extremely likely,Extremely likely,Neither likely nor unlikely,Somewhat unlikely,Somewhat likely,2,4,5,3
R_5opRzgT1yJnEJ0J,Extremely likely,Somewhat likely,Somewhat likely,Extremely unlikely,Somewhat unlikely,1,2,4,4
R_1kUIT1SILd60pyU,Extremely unlikely,Extremely likely,Extremely likely,Extremely likely,Extremely unlikely,5,1,5,5
R_9ZuknWLhbVqOybf,Extremely likely,Somewhat likely,Extremely likely,Extremely likely,Extremely likely,5,5,4,5
R_1FLjhf2sFI44Cf4,Extremely likely,Extremely likely,Somewhat likely,Extremely unlikely,Somewhat unlikely,1,2,5,4
R_vMLDrYTdfCabRjX,Extremely likely,Somewhat likely,Somewhat likely,Somewhat unlikely,Somewhat unlikely,2,2,4,4
R_25swR7JzvEq9fSC,Extremely likely,Extremely likely,Somewhat likely,Somewhat unlikely,Somewhat likely,2,4,5,4
R_3qg5G8KDEhDNLsx,Extremely likely,Extremely likely,Somewhat unlikely,Extremely unlikely,Extremely unlikely,1,1,5,2
R_2uD0ALI9QOcgGvy,Extremely likely,Somewhat likely,Somewhat likely,Extremely unlikely,Somewhat likely,1,4,4,4
R_1FETsu2RRPPeIJT,Neither likely nor unlikely,Extremely likely,Somewhat likely,Extremely unlikely,Extremely unlikely,1,1,5,4
R_3ixPUKbQWLsfetW,Extremely likely,Somewhat likely,Somewhat likely,Extremely unlikely,Somewhat unlikely,1,2,4,4
R_1mUcb0Hh0r5qucC,Extremely likely,Extremely likely,Somewhat unlikely,Extremely unlikely,Somewhat likely,1,4,5,2
R_2PAmevHIHLgziO3,Extremely likely,Extremely likely,Extremely likely,Extremely unlikely,Extremely unlikely,1,1,5,5
R_2Sddp0F6fYGZyHA,Extremely likely,Neither likely nor unlikely,Somewhat likely,Extremely unlikely,Somewhat unlikely,1,2,3,4
R_3knpGQ9G5ryIutp,Extremely likely,Extremely likely,Extremely likely,Extremely unlikely,Extremely unlikely,1,1,5,5
R_7NVNNKqoitRQUgx,Extremely likely,Extremely likely,Extremely likely,Somewhat likely,Somewhat likely,4,4,5,5
R_2w1tsFF4dkvUfKp,Extremely likely,Extremely likely,Somewhat likely,Somewhat unlikely,Extremely unlikely,2,1,5,4
R_3RjBa6MGSs4do0w,Extremely likely,Somewhat likely,Somewhat likely,Somewhat unlikely,Extremely unlikely,2,1,4,4
R_2rSBq7AyNy1tQyA,Extremely likely,Extremely likely,Extremely likely,Somewhat unlikely,Extremely unlikely,2,1,5,5
R_1mlbPGlXYxOItvW,Extremely likely,Extremely likely,Extremely likely,Extremely unlikely,Extremely unlikely,1,1,5,5
R_1FfHXjJCrVBsKDT,Extremely likely,Extremely likely,Extremely likely,Extremely unlikely,Extremely unlikely,1,1,5,5
R_qLAjxtPeyqzAjwl,Extremely likely,Extremely likely,Somewhat unlikely,Extremely unlikely,Somewhat likely,1,4,5,2
R_1rdfLkwq0zmQpq6,Extremely likely,Somewhat likely,Extremely likely,Extremely unlikely,Extremely unlikely,1,1,4,5
R_1F3a8tnE5Q8pGdi,Extremely likely,Extremely likely,Extremely likely,Extremely unlikely,Extremely unlikely,1,1,5,5
R_3isEgheOJ7P7Me5,Extremely likely,Somewhat likely,Somewhat likely,Somewhat unlikely,Somewhat unlikely,2,2,4,4
R_3sySnbgLzldFscH,Extremely likely,Extremely likely,Extremely likely,Extremely unlikely,Extremely unlikely,1,1,5,5
R_3RxAAtDL9Lx4kR7,Extremely likely,Extremely likely,Extremely likely,Extremely unlikely,Extremely unlikely,1,1,5,5
R_3nBlRCMp3NNYxHy,Extremely likely,Extremely likely,Extremely likely,Extremely unlikely,Somewhat unlikely,1,2,5,5
R_0wFPwZJvI678KjL,Extremely likely,Extremely likely,Extremely likely,Extremely unlikely,Extremely unlikely,1,1,5,5
R_1cXO9BN8DVjD1id,Extremely likely,Extremely likely,,Extremely unlikely,Extremely unlikely,1,1,5,0
R_O0Vqzd2lhofUuBj,Extremely likely,Extremely likely,Somewhat likely,Somewhat unlikely,Somewhat unlikely,2,2,5,4
R_1gumG0DM4oGOLwT,Extremely likely,Extremely likely,Somewhat unlikely,Extremely unlikely,Extremely unlikely,1,1,5,2
R_1rHV1Z1POlYzoTy,Somewhat likely,Extremely likely,Somewhat likely,Somewhat likely,Somewhat unlikely,4,2,5,4
R_29v1kl7ODZPkbU5,Extremely unlikely,Extremely likely,Somewhat likely,Extremely unlikely,Extremely unlikely,1,1,5,4
R_PHAnDywGWw3nEIN,Extremely likely,Somewhat unlikely,Extremely unlikely,Extremely unlikely,Extremely unlikely,1,1,2,1
R_By6LtI4TklIHVy9,Extremely likely,Extremely likely,Extremely likely,Somewhat likely,Extremely likely,4,5,5,5
R_2UhA1v3qaFrnJZP,Extremely likely,Extremely likely,Somewhat likely,Extremely unlikely,Extremely unlikely,1,1,5,4
R_3En9mcTwfuvDfOm,Extremely likely,Somewhat likely,Somewhat likely,Somewhat unlikely,Somewhat likely,2,4,4,4
R_1mPlcrAhN4I8K7K,Extremely likely,Somewhat unlikely,Somewhat unlikely,Extremely unlikely,Extremely unlikely,1,1,2,2
R_3321VFsdTPHrNf0,Extremely likely,Extremely likely,Extremely likely,Extremely unlikely,Extremely unlikely,1,1,5,5
R_2s55Fi8dnA002Pt,Extremely likely,Extremely likely,Somewhat likely,Extremely unlikely,Extremely unlikely,1,1,5,4
R_5uUhGcsrjiE6x2x,Somewhat likely,Extremely likely,Extremely likely,Neither likely nor unlikely,Somewhat unlikely,3,2,5,5
R_C2KeQW0YotEvUDT,Extremely likely,Extremely unlikely,Extremely likely,Extremely unlikely,Extremely unlikely,1,1,1,5
R_6s6jBcPw0NjkFi1,Extremely unlikely,Extremely likely,,Extremely unlikely,,1,0,5,0
R_XGTNl5JQHsWQyQh,Extremely likely,Extremely likely,Extremely likely,Somewhat likely,Extremely unlikely,4,1,5,5
R_1FJwpfVTJekOqjh,Extremely likely,Extremely likely,Somewhat likely,Extremely unlikely,Extremely likely,1,5,5,4
R_3RwsYtSP9tdkYv1,Extremely likely,Extremely likely,Extremely likely,Somewhat unlikely,Extremely unlikely,2,1,5,5
R_2VlkppxWDNp9fPk,Extremely likely,Extremely likely,Extremely likely,Extremely unlikely,Somewhat unlikely,1,2,5,5
R_8IeUzTJ78Vvwtb3,Extremely likely,Somewhat unlikely,Somewhat likely,Extremely unlikely,Somewhat likely,1,4,2,4
R_2qyGcToGDh4RaZ9,Extremely likely,Somewhat likely,Somewhat likely,Somewhat unlikely,Somewhat likely,2,4,4,4
R_2zvycCkumzeZ52I,Somewhat likely,Extremely likely,Extremely likely,Somewhat unlikely,Extremely unlikely,2,1,5,5
R_UGAP20SuXpQA5nb,Extremely likely,Extremely unlikely,Neither likely nor unlikely,Extremely unlikely,Extremely unlikely,1,1,1,3
R_2qf2sxWPQ6hpy76,Extremely likely,Extremely unlikely,Extremely unlikely,,,0,0,1,1
R_2uszpmMWAkulrn5,Extremely likely,Extremely likely,Somewhat likely,Extremely unlikely,Somewhat likely,1,4,5,4
R_3KwQ7E4zbFsuJp9,Extremely unlikely,Neither likely nor unlikely,Somewhat likely,Neither likely nor unlikely,Somewhat likely,3,4,3,4
R_11cfBkheKPcFiIz,Extremely likely,Extremely unlikely,Extremely unlikely,Extremely unlikely,Neither likely nor unlikely,1,3,1,1
R_2triF08YCXtQQiC,Extremely likely,Extremely likely,Neither likely nor unlikely,Somewhat unlikely,Neither likely nor unlikely,2,3,5,3
R_25YKUvS6s0IrEQn,Extremely likely,Extremely likely,Somewhat likely,Extremely unlikely,Somewhat unlikely,1,2,5,4
R_3mfS4qfldItR359,Extremely likely,Somewhat likely,Extremely likely,Extremely unlikely,Extremely unlikely,1,1,4,5
R_1rk2aM9ptDxh0uw,Extremely likely,Extremely likely,Extremely likely,Extremely unlikely,Neither likely nor unlikely,1,3,5,5
R_2e2QOTM0MXgBdim,Extremely likely,Extremely likely,Somewhat likely,Extremely unlikely,Extremely unlikely,1,1,5,4
R_2SoVznHLXFp6AII,Extremely likely,Extremely likely,Somewhat likely,Extremely unlikely,Extremely unlikely,1,1,5,4
R_3nxx80KCxVLQAE3,Extremely likely,Extremely likely,Extremely likely,Extremely unlikely,Somewhat unlikely,1,2,5,5
R_3nCACOSRY2r0RhQ,Extremely likely,Extremely likely,Somewhat likely,Extremely unlikely,Extremely unlikely,1,1,5,4
R_3lQa3BonRlpagPA,Neither likely nor unlikely,Neither likely nor unlikely,Neither likely nor unlikely,Neither likely nor unlikely,Neither likely nor unlikely,3,3,3,3
R_115CzHpYpS1WSop,Somewhat likely,Somewhat likely,Somewhat likely,Extremely unlikely,Neither likely nor unlikely,1,3,4,4
R_Ua8v5yZy7uRanBv,Extremely likely,Somewhat likely,Somewhat likely,Somewhat unlikely,Somewhat likely,2,4,4,4
R_A1BsIL7IKYuo4Cd,Extremely likely,Somewhat likely,Extremely likely,Extremely unlikely,Extremely unlikely,1,1,4,5
R_1dtzY5QvyeFFXMY,Extremely likely,Extremely likely,Somewhat likely,Extremely unlikely,Somewhat unlikely,1,2,5,4
R_1j9DiGmtVH60GjR,Extremely likely,Extremely likely,Extremely likely,Extremely unlikely,Extremely unlikely,1,1,5,5
R_2zphRy3Bq8VAjZo,Extremely likely,Somewhat likely,Neither likely nor unlikely,Somewhat unlikely,Neither likely nor unlikely,2,3,4,3
R_3IYw0HmXPuJiLqJ,Extremely likely,Neither likely nor unlikely,Somewhat likely,Somewhat likely,Somewhat likely,4,4,3,4
R_e3cV1JzQCM0ZhaF,Extremely likely,Extremely likely,Somewhat likely,Somewhat likely,Somewhat likely,4,4,5,4
R_W8c6wtKmuOsIpuF,Extremely likely,Extremely likely,Extremely likely,Extremely unlikely,Somewhat likely,1,4,5,5
R_32LaDJwXmogR9Re,Extremely likely,Extremely likely,Extremely likely,Extremely unlikely,Extremely unlikely,1,1,5,5
R_3FKbdxo1M9srOu4,Somewhat unlikely,Somewhat likely,Somewhat likely,Somewhat unlikely,Somewhat unlikely,2,2,4,4
R_3D17l1H8UgTXOco,Extremely likely,Extremely likely,Extremely likely,Somewhat unlikely,Extremely unlikely,2,1,5,5
R_41QK8DTODGOY6DD,Extremely likely,Extremely unlikely,Somewhat likely,Extremely unlikely,Somewhat likely,1,4,1,4
R_1mkpJkQuzB0IDur,Extremely likely,Extremely likely,Extremely likely,Extremely unlikely,Extremely unlikely,1,1,5,5
R_u4XoVhnSfFl6biF,Extremely likely,Extremely likely,Somewhat likely,Extremely unlikely,Somewhat unlikely,1,2,5,4
R_1IW1a19d7zMwG0z,Extremely likely,Extremely likely,Somewhat likely,Extremely unlikely,Extremely unlikely,1,1,5,4
R_2sZLkTb0C7mqclI,Extremely likely,Extremely likely,Extremely likely,Extremely likely,Extremely likely,5,5,5,5
R_3QW1JgjCDwCmzuF,Extremely likely,Somewhat likely,Somewhat likely,Somewhat unlikely,Extremely unlikely,2,1,4,4
R_O7kuVKE4IHAWX61,Extremely likely,Extremely likely,Extremely unlikely,Extremely unlikely,,1,0,5,1
R_3O9vFu3RD2D2mcQ,Extremely likely,Extremely likely,Extremely likely,Somewhat unlikely,Somewhat likely,2,4,5,5
R_rkY7MxBeIzHcSnn,Extremely likely,Somewhat unlikely,Somewhat likely,Extremely unlikely,Somewhat unlikely,1,2,2,4
R_3MoPNoqjVeAbTkf,Extremely likely,Extremely likely,Somewhat likely,Extremely unlikely,Extremely unlikely,1,1,5,4
R_3iJQVFBVGoePjsK,Extremely unlikely,Somewhat likely,Somewhat likely,Extremely unlikely,Somewhat unlikely,1,2,4,4
R_23e2JVEuiqcVDVx,Extremely likely,Extremely likely,Somewhat likely,Somewhat unlikely,Somewhat unlikely,2,2,5,4
R_ebrOmhM9aYaOAud,Extremely likely,Extremely likely,Extremely likely,Extremely unlikely,Somewhat unlikely,1,2,5,5
R_WBcVryfMAsGHlKN,Extremely likely,Extremely likely,Somewhat likely,Somewhat likely,Extremely unlikely,4,1,5,4
R_1KdNqEGF7C1sC5A,Extremely likely,Extremely likely,Somewhat likely,Somewhat unlikely,Somewhat unlikely,2,2,5,4
R_2q7SYWocftnQoLO,Extremely likely,Extremely likely,Somewhat likely,Extremely unlikely,Somewhat unlikely,1,2,5,4
R_2fvWk64JXy6toFT,Extremely likely,Extremely likely,Somewhat likely,Extremely unlikely,Extremely unlikely,1,1,5,4
R_1iao6aZVvwVRUZe,Extremely unlikely,Extremely likely,Extremely likely,Extremely unlikely,Extremely unlikely,1,1,5,5
R_yvSGUKZX3h6IhRT,Extremely likely,Extremely likely,Somewhat likely,Somewhat unlikely,Somewhat unlikely,2,2,5,4
R_3O8DZ6S5CTIFui5,Extremely likely,Somewhat likely,Somewhat likely,Neither likely nor unlikely,Somewhat likely,3,4,4,4
R_2pLVAWKB9qAAVl0,Extremely likely,Extremely likely,Somewhat likely,Somewhat unlikely,Somewhat likely,2,4,5,4
R_zZjd6MDImpQpkhH,Extremely likely,Somewhat likely,Somewhat likely,Extremely unlikely,Somewhat likely,1,4,4,4
R_2zcF8zz3ZYq69tz,Extremely likely,Extremely likely,Somewhat likely,Extremely unlikely,Somewhat unlikely,1,2,5,4
R_9Rd0JuuycBkDQOt,Extremely likely,Extremely likely,Extremely likely,Extremely unlikely,Extremely unlikely,1,1,5,5
R_3GlYxrDjOzm1M4j,Extremely likely,Extremely likely,Extremely likely,Extremely unlikely,Extremely unlikely,1,1,5,5
R_vDG1tVlinMDJCkV,Extremely likely,Extremely likely,Somewhat likely,Extremely unlikely,Somewhat unlikely,1,2,5,4
R_32Qs9cMzDLZAl2t,Extremely likely,Somewhat unlikely,Somewhat likely,Somewhat unlikely,Somewhat unlikely,2,2,2,4
R_1CJgsbXIRk3Dyrz,Extremely likely,Extremely likely,Extremely unlikely,Extremely unlikely,Extremely unlikely,1,1,5,1
R_241chZlLK78NijR,Extremely likely,Extremely likely,Neither likely nor unlikely,Somewhat unlikely,Somewhat unlikely,2,2,5,3
R_syVnTb8o2REA4h3,Extremely likely,Extremely likely,Extremely likely,Extremely unlikely,Extremely unlikely,1,1,5,5
R_2DYt3LblJG4lqV2,Extremely likely,Extremely unlikely,Somewhat unlikely,Extremely unlikely,Somewhat unlikely,1,2,1,2
R_beghlvqjMEKgbyF,Extremely likely,Somewhat likely,Neither likely nor unlikely,Extremely unlikely,Neither likely nor unlikely,1,3,4,3
R_20Z47DpqH3l6p9J,Extremely likely,Extremely likely,Somewhat likely,Extremely unlikely,Extremely unlikely,1,1,5,4
R_305WoZEcIS1taJZ,Extremely likely,Extremely likely,Somewhat likely,Somewhat unlikely,Somewhat unlikely,2,2,5,4
R_2uWLK7FFPO2oztI,Extremely likely,Extremely likely,Extremely likely,Extremely unlikely,Extremely unlikely,1,1,5,5
R_3dKd1cUJjNk9Pkg,Extremely likely,Extremely likely,Extremely likely,Extremely unlikely,Extremely unlikely,1,1,5,5
R_3GexPYPKQpKU8B0,Extremely likely,Extremely likely,Extremely likely,Somewhat unlikely,Neither likely nor unlikely,2,3,5,5
R_21H8xMqquKAJNSy,Extremely likely,Extremely likely,,Somewhat unlikely,Somewhat unlikely,2,2,5,0
R_3PAD3WW6ITltXpF,Extremely likely,Extremely unlikely,Somewhat likely,Somewhat unlikely,Extremely unlikely,2,1,1,4
R_ah4EcyNtWq66M37,Extremely likely,Extremely unlikely,Neither likely nor unlikely,Somewhat unlikely,Neither likely nor unlikely,2,3,1,3
R_3Dpw0L93UJIdmK7,Extremely likely,Extremely likely,Extremely likely,Neither likely nor unlikely,Extremely unlikely,3,1,5,5
R_1In4KxUw0Pz7PsA,Extremely likely,Extremely unlikely,Neither likely nor unlikely,Extremely unlikely,Somewhat unlikely,1,2,1,3
R_1eDiK2UAe4cmiJq,Extremely likely,Somewhat unlikely,Extremely likely,Neither likely nor unlikely,Extremely unlikely,3,1,2,5
R_3D14QqYiBvt3TpJ,Extremely likely,Somewhat likely,Somewhat likely,Extremely unlikely,Extremely unlikely,1,1,4,4
R_26liY8uMWCnVX5o,Extremely likely,Somewhat likely,Somewhat likely,Neither likely nor unlikely,Neither likely nor unlikely,3,3,4,4
R_24XgynI8QAzzqa5,Extremely likely,Extremely likely,Extremely likely,Neither likely nor unlikely,Neither likely nor unlikely,3,3,5,5
R_2Ysu9W0vTMaHkXd,Extremely likely,Extremely likely,Neither likely nor unlikely,Somewhat unlikely,Somewhat unlikely,2,2,5,3
R_3M6xu1HlGTazaU9,Extremely likely,Extremely likely,Somewhat likely,Extremely unlikely,Extremely unlikely,1,1,5,4
R_2eQohTuKX3RGs3N,Extremely likely,Extremely unlikely,Somewhat likely,Extremely unlikely,Extremely unlikely,1,1,1,4
R_VImxwgvSIol6MmZ,Extremely likely,Extremely likely,Somewhat likely,Extremely unlikely,Somewhat likely,1,4,5,4
R_tKz0JJQUD5cKVl7,Extremely likely,Extremely likely,Somewhat likely,Extremely unlikely,Extremely unlikely,1,1,5,4
R_1EX1zItlbW69btm,Extremely likely,Somewhat likely,Extremely likely,Extremely unlikely,Neither likely nor unlikely,1,3,4,5
R_1OBo20X7Pdlzlg2,Extremely likely,Somewhat likely,Somewhat likely,Extremely unlikely,Extremely unlikely,1,1,4,4
R_2Cwd9iwMC8fg36y,Extremely likely,Somewhat likely,Extremely likely,Extremely unlikely,Extremely unlikely,1,1,4,5
R_125X3q2z2JhdTVq,Extremely likely,Extremely likely,Extremely likely,Extremely unlikely,Extremely unlikely,1,1,5,5
R_2TKSorrbMmrFTXH,Extremely likely,Extremely likely,Somewhat likely,Extremely unlikely,Extremely unlikely,1,1,5,4
R_28XNQHiIxj2PW34,Extremely likely,Extremely likely,Somewhat likely,Extremely unlikely,Extremely unlikely,1,1,5,4
R_1gSYe7XVgt2kDJr,Somewhat unlikely,Extremely likely,Extremely likely,Extremely likely,Extremely likely,5,5,5,5
R_3mkN4eQnhkCslLR,Extremely likely,Extremely likely,Neither likely nor unlikely,Extremely unlikely,Extremely unlikely,1,1,5,3
R_2xxHJJ9AwDo1Bm1,Extremely likely,Somewhat likely,Somewhat likely,Somewhat unlikely,Somewhat unlikely,2,2,4,4
R_27lFBqdJmR5LB5A,Extremely unlikely,Somewhat unlikely,Neither likely nor unlikely,Somewhat unlikely,Neither likely nor unlikely,2,3,2,3
R_9NddfSgkZ3pq8Ux,Extremely likely,Extremely likely,Extremely likely,Extremely unlikely,Extremely unlikely,1,1,5,5
R_2OMF7fc7bhIodbN,Extremely likely,Extremely likely,Extremely likely,Extremely unlikely,Extremely unlikely,1,1,5,5
R_su3qWsCKCZxc0bT,Extremely unlikely,Somewhat likely,Extremely likely,Somewhat likely,Extremely likely,4,5,4,5
R_3NOsVEMugLqtAbS,Extremely likely,Extremely likely,Somewhat likely,Extremely unlikely,Somewhat unlikely,1,2,5,4
R_3gUCE4YyhpF1aAP,Extremely likely,Extremely unlikely,Somewhat unlikely,Somewhat unlikely,Somewhat unlikely,2,2,1,2
R_curlDvGITFMGVtT,Extremely likely,Extremely likely,Extremely likely,Somewhat unlikely,Extremely unlikely,2,1,5,5
R_BsTjeGGWI3N2qXv,Extremely likely,Extremely likely,Extremely unlikely,Extremely unlikely,Extremely unlikely,1,1,5,1
R_3J9hPQY5ctlQzbT,Extremely likely,Neither likely nor unlikely,Somewhat likely,Extremely unlikely,Somewhat unlikely,1,2,3,4
R_3rUTiormaSjiFMv,Extremely unlikely,Extremely likely,Extremely likely,Extremely unlikely,Somewhat unlikely,1,2,5,5
R_qCMghZP7hvCgXw5,Extremely likely,Extremely likely,Extremely likely,Extremely unlikely,Extremely unlikely,1,1,5,5
R_2rDiDMwImMf867I,Extremely likely,Extremely likely,Somewhat likely,Extremely unlikely,Somewhat unlikely,1,2,5,4
R_2arhxjkK8zDykjj,Extremely likely,Extremely likely,Extremely likely,Extremely unlikely,Extremely unlikely,1,1,5,5
R_2cnI4kyXYeHumuQ,Extremely likely,Extremely likely,Somewhat likely,Somewhat unlikely,Somewhat likely,2,4,5,4
R_2ipFBXCAbJr6j6h,Extremely likely,Somewhat likely,Extremely likely,Extremely unlikely,Somewhat unlikely,1,2,4,5
R_1Cg1yYgxH72In85,Extremely likely,Extremely likely,Extremely likely,Extremely unlikely,Somewhat unlikely,1,2,5,5
R_238DceOUScTxWxr,Extremely likely,Somewhat likely,Somewhat likely,Extremely unlikely,Somewhat likely,1,4,4,4
R_SMD70HS3re3JXWN,Extremely likely,Extremely likely,Extremely likely,Extremely unlikely,Extremely unlikely,1,1,5,5
R_2z7IteDW5O55vUZ,Extremely likely,Extremely likely,Extremely likely,Somewhat unlikely,Somewhat unlikely,2,2,5,5
R_AiHvKEfQU0UdIf7,Extremely likely,Somewhat likely,Somewhat likely,Somewhat unlikely,Somewhat likely,2,4,4,4
R_3CH3O30a962aoyh,Extremely likely,Extremely likely,Extremely likely,Extremely unlikely,Somewhat likely,1,4,5,5
R_1isacs1uPjnBq6e,Extremely likely,Extremely likely,Extremely likely,Neither likely nor unlikely,Somewhat unlikely,3,2,5,5
R_1rH68YgAhstYvPk,Extremely likely,Somewhat likely,Somewhat likely,Extremely unlikely,Extremely unlikely,1,1,4,4
R_p4N0BcQsffCRJ8R,Extremely likely,Somewhat unlikely,Extremely unlikely,Extremely unlikely,Extremely likely,1,5,2,1
R_2rA57M2VlfuRR3l,Extremely likely,Extremely likely,Extremely likely,Extremely unlikely,Extremely unlikely,1,1,5,5
R_2b1oF8BOfzRcYSB,Extremely likely,Somewhat likely,Somewhat likely,Extremely unlikely,Somewhat unlikely,1,2,4,4
R_1irmPf9ZJxatNSw,Extremely likely,Extremely likely,Somewhat likely,Extremely unlikely,Somewhat unlikely,1,2,5,4
R_xhCdrOV2cUkcWnn,Extremely likely,Extremely likely,Somewhat likely,Extremely unlikely,Somewhat unlikely,1,2,5,4
R_1Cp6BY9f4xRVwSu,Extremely likely,Somewhat likely,Somewhat likely,Extremely unlikely,Somewhat unlikely,1,2,4,4
R_3fis8Z0Vfnd0rRM,Extremely likely,Neither likely nor unlikely,Somewhat likely,Neither likely nor unlikely,Neither likely nor unlikely,3,3,3,4
R_32WpgQ1QA5Ljk2L,Extremely unlikely,Neither likely nor unlikely,Somewhat unlikely,Extremely unlikely,Extremely unlikely,1,1,3,2
R_2qslbLaLTpP54M4,Extremely likely,Extremely unlikely,Extremely unlikely,Extremely unlikely,Extremely unlikely,1,1,1,1
R_3jezfRQ094qsMtP,Extremely likely,Extremely likely,Somewhat likely,Extremely unlikely,Somewhat unlikely,1,2,5,4
R_AgL5Sk8obLyKXwR,Extremely likely,Extremely likely,Somewhat likely,Somewhat unlikely,Somewhat unlikely,2,2,5,4
R_3lKeWUujAcQNNUY,Extremely likely,Extremely likely,Somewhat likely,Extremely unlikely,Extremely unlikely,1,1,5,4
R_3EAxgqqCRQBjNXB,Extremely likely,Extremely likely,Somewhat likely,Extremely unlikely,Extremely unlikely,1,1,5,4
R_1opafvCscbjdmSp,Extremely unlikely,Extremely likely,Extremely likely,Somewhat unlikely,Extremely unlikely,2,1,5,5
R_2xJzsLxgzvSqKo5,Extremely likely,Extremely likely,Somewhat unlikely,Somewhat unlikely,Somewhat unlikely,2,2,5,2
R_3MLnb5mDiwhwwFk,Extremely likely,Extremely likely,Somewhat likely,Extremely unlikely,Somewhat unlikely,1,2,5,4
R_3GvSiRej4oj4hIm,Extremely likely,Extremely likely,Extremely likely,Extremely unlikely,Extremely unlikely,1,1,5,5
R_XFz7gfdKWRtILL3,Extremely likely,Extremely likely,Extremely likely,Extremely unlikely,Extremely unlikely,1,1,5,5
R_25LV3fqkDEPNHxJ,Extremely likely,Extremely unlikely,Extremely likely,Somewhat unlikely,Somewhat likely,2,4,1,5
R_3EYBI8qZ5L8xI2D,Extremely likely,Extremely likely,Somewhat likely,Neither likely nor unlikely,Neither likely nor unlikely,3,3,5,4
R_2YFyVTyAmL0gE0A,Extremely likely,Extremely likely,Extremely likely,Extremely unlikely,Somewhat unlikely,1,2,5,5
R_2OW3G6P6FX5f1L8,Extremely likely,Extremely likely,Somewhat likely,Extremely unlikely,Somewhat unlikely,1,2,5,4
R_3m4WwIGrONAHMPz,Extremely likely,Somewhat likely,Somewhat likely,Extremely unlikely,Somewhat unlikely,1,2,4,4
R_PvYD2FzWdbb9kfT,Extremely likely,Neither likely nor unlikely,Somewhat likely,Extremely unlikely,Neither likely nor unlikely,1,3,3,4
R_33xm2Ts2voco948,Extremely likely,Extremely likely,Extremely likely,Extremely unlikely,Extremely unlikely,1,1,5,5
R_2VC4inzlj4hK9yk,Extremely likely,Neither likely nor unlikely,Extremely likely,Extremely unlikely,Extremely unlikely,1,1,3,5
R_22ofAI05Nb7pJhQ,Extremely likely,Extremely likely,Extremely likely,Extremely unlikely,Extremely unlikely,1,1,5,5
R_9v2HRUkD5b6P7Oh,Extremely likely,Somewhat likely,Somewhat likely,Extremely unlikely,Extremely unlikely,1,1,4,4
R_1jery6gMn5igTgT,Extremely likely,Somewhat likely,Somewhat likely,Extremely unlikely,Somewhat unlikely,1,2,4,4
R_0J05cw0anbnEx9L,Extremely likely,Somewhat likely,Somewhat likely,Somewhat unlikely,Somewhat unlikely,2,2,4,4
R_248hvBxBEHG8IyK,Extremely likely,Somewhat likely,Somewhat likely,Somewhat likely,Somewhat likely,4,4,4,4
R_33kZ1yDCBqUsSps,Extremely likely,Somewhat unlikely,Somewhat likely,Extremely unlikely,Extremely unlikely,1,1,2,4
R_3Li2plAbXbO7J6u,Extremely likely,Somewhat likely,Somewhat likely,Neither likely nor unlikely,Somewhat likely,3,4,4,4
R_1pSvMleQx8pWUTd,Extremely likely,Extremely likely,Extremely likely,Extremely unlikely,Extremely unlikely,1,1,5,5
R_2BhNyFLjcEypaHw,Extremely likely,Extremely likely,Somewhat likely,Extremely unlikely,Extremely unlikely,1,1,5,4
R_3kv7eB51QY91g0J,Extremely likely,Extremely likely,Extremely likely,Neither likely nor unlikely,Somewhat unlikely,3,2,5,5
R_2EyhtnVt1iUNtST,Extremely likely,Extremely likely,Extremely likely,Extremely unlikely,Somewhat likely,1,4,5,5
R_1pVtNJ1CPl3f3LH,Extremely likely,Somewhat unlikely,Somewhat likely,Extremely unlikely,Extremely unlikely,1,1,2,4
R_3nrBmfkVOh7TKlb,Extremely likely,Somewhat likely,Somewhat likely,Extremely unlikely,Extremely unlikely,1,1,4,4
R_2D7em0FlxS3XgLR,Extremely likely,Extremely likely,Extremely likely,Extremely unlikely,Somewhat unlikely,1,2,5,5
R_28YD2wk4QiTilso,Extremely likely,Somewhat likely,Neither likely nor unlikely,Extremely unlikely,Neither likely nor unlikely,1,3,4,3
R_0llLAx6357oOXbb,Extremely likely,Extremely likely,Somewhat likely,Somewhat unlikely,Somewhat unlikely,2,2,5,4
R_1eQu5aZqnTai2d8,Extremely likely,Extremely likely,Extremely likely,Extremely unlikely,Extremely likely,1,5,5,5
R_2D6PFil7c2zCnfX,Extremely likely,Extremely likely,Somewhat likely,Somewhat unlikely,Somewhat unlikely,2,2,5,4
R_yJ7sVvc9iLkLeX7,Extremely likely,Extremely likely,Somewhat likely,Extremely unlikely,Somewhat unlikely,1,2,5,4
R_1NyU2A8yKpCgP6X,Extremely likely,Extremely likely,Neither likely nor unlikely,Extremely unlikely,Extremely unlikely,1,1,5,3
R_27DzDbtFUFi8ply,Extremely likely,Somewhat unlikely,Neither likely nor unlikely,Extremely unlikely,Neither likely nor unlikely,1,3,2,3
R_pQ61HB544mdfk2d,Extremely likely,Somewhat likely,Somewhat likely,Somewhat unlikely,Somewhat unlikely,2,2,4,4
R_1Q9gjcfS3RqNG58,Extremely likely,Extremely likely,Extremely likely,Extremely unlikely,Extremely unlikely,1,1,5,5
R_QlU3IHeoF3t27bb,Extremely likely,Extremely likely,Somewhat likely,Extremely unlikely,Extremely unlikely,1,1,5,4
R_6DNR2rnwKRXbosh,Extremely likely,Somewhat likely,Neither likely nor unlikely,Extremely unlikely,Somewhat unlikely,1,2,4,3
R_3kO2QK1355nrpx4,Extremely likely,Extremely likely,Somewhat likely,Extremely unlikely,Somewhat unlikely,1,2,5,4
R_1LBBMChyqH8jAl5,Extremely likely,Somewhat likely,Somewhat likely,Neither likely nor unlikely,Somewhat likely,3,4,4,4
R_b2BPStkZRjp50I1,Extremely unlikely,Extremely likely,Extremely likely,Somewhat unlikely,Extremely unlikely,2,1,5,5
R_ZLa1fnBV11IBFHH,Extremely likely,Extremely likely,Somewhat likely,Somewhat unlikely,Somewhat unlikely,2,2,5,4
R_zSfG4ln5iTQYcw1,Extremely likely,Somewhat likely,Neither likely nor unlikely,Extremely unlikely,Neither likely nor unlikely,1,3,4,3
R_2dp4wt3meEgb6Lh,Extremely likely,Extremely likely,Extremely likely,Extremely unlikely,Extremely unlikely,1,1,5,5
R_2UW8CUZH7AdVxUp,Extremely likely,Extremely likely,Extremely likely,Somewhat unlikely,Extremely unlikely,2,1,5,5
R_x3l7QO5YRROcwzn,Extremely likely,Extremely likely,Extremely likely,Extremely unlikely,Somewhat unlikely,1,2,5,5
R_s4OSbLYTiyxzqq5,Extremely likely,Extremely likely,Somewhat likely,Somewhat unlikely,Extremely unlikely,2,1,5,4
R_2411MMgGw3Eq69l,Extremely unlikely,Somewhat likely,Somewhat unlikely,Extremely likely,Extremely unlikely,5,1,4,2
R_AKUt4FCJpEatiE1,Extremely likely,Extremely likely,Extremely likely,Extremely unlikely,Extremely unlikely,1,1,5,5
R_1gAUX9FgOj2pGaL,Extremely likely,Neither likely nor unlikely,Somewhat likely,Extremely unlikely,Extremely unlikely,1,1,3,4
R_1Cg8sH0X7dOF31H,Extremely likely,Extremely likely,Somewhat likely,Extremely unlikely,Somewhat unlikely,1,2,5,4
R_aXH1EomfPHUVi2l,Extremely likely,Extremely likely,Extremely likely,Extremely unlikely,Extremely unlikely,1,1,5,5
R_afaDQNcRPEoxqOR,Extremely likely,Extremely likely,Extremely likely,Extremely unlikely,Extremely unlikely,1,1,5,5
R_3Jfa8nMPvf2WiUz,Extremely likely,Extremely likely,Extremely likely,Extremely unlikely,Extremely likely,1,5,5,5
R_25L3ZoCGTioHri1,Extremely likely,Somewhat likely,Neither likely nor unlikely,Extremely unlikely,Extremely unlikely,1,1,4,3
R_2asKoYSjry622Ou,Extremely likely,Extremely likely,Somewhat likely,Extremely unlikely,Extremely unlikely,1,1,5,4
R_3kcgHeAUxOU4MaL,Extremely likely,Somewhat likely,Neither likely nor unlikely,Extremely unlikely,Neither likely nor unlikely,1,3,4,3
R_25LVJiFxFwZVcW1,Extremely likely,Extremely likely,Somewhat likely,Extremely unlikely,Somewhat unlikely,1,2,5,4
R_QoJQfO75mh0K0Bb,Extremely likely,Extremely likely,Extremely likely,Extremely unlikely,Extremely unlikely,1,1,5,5
R_1j6rTddQu31fGwf,Extremely likely,Extremely likely,Somewhat likely,Somewhat unlikely,Somewhat unlikely,2,2,5,4
R_3HuF3RXs0xFcEgi,Somewhat likely,Extremely likely,Extremely likely,Extremely unlikely,Extremely unlikely,1,1,5,5
R_1E7mOoAiv3JMQrB,Extremely likely,Neither likely nor unlikely,Somewhat likely,Extremely unlikely,Extremely unlikely,1,1,3,4
R_1JQiiGEjuCrmyya,Extremely likely,Extremely likely,Extremely likely,Somewhat likely,Neither likely nor unlikely,4,3,5,5
R_Z1PpITBwi5M33nb,Extremely likely,Extremely likely,Neither likely nor unlikely,Somewhat unlikely,Somewhat likely,2,4,5,3
R_3s5CHiWOAwJ7ntb,Extremely likely,Neither likely nor unlikely,Neither likely nor unlikely,Extremely unlikely,Extremely unlikely,1,1,3,3
R_2SHbYgJoGPW7rmN,Extremely likely,Extremely likely,Somewhat unlikely,Somewhat likely,Somewhat likely,4,4,5,2
R_2P75o9iWmBe4IFP,Extremely likely,Extremely likely,Neither likely nor unlikely,Extremely likely,Extremely unlikely,5,1,5,3
R_10DIRrwFOD7rljt,Extremely likely,Neither likely nor unlikely,Extremely likely,Neither likely nor unlikely,Extremely likely,3,5,3,5
R_Op14qf9MHqgtylX,Extremely likely,Somewhat likely,Extremely likely,Extremely unlikely,Extremely unlikely,1,1,4,5
R_71EqukmDA788fm1,Extremely likely,Extremely likely,Somewhat likely,Extremely unlikely,Extremely unlikely,1,1,5,4
R_RkrAKdE1DjhgSBP,Extremely likely,Extremely likely,Extremely likely,Somewhat unlikely,Extremely unlikely,2,1,5,5
R_1PSoW7NgtfCg600,Extremely likely,Somewhat likely,Somewhat likely,Somewhat unlikely,Somewhat likely,2,4,4,4
R_3JERjxv7n52ux8s,Extremely likely,Somewhat likely,Somewhat likely,Somewhat unlikely,Somewhat likely,2,4,4,4
R_3IRyeswPe00Hm1X,Extremely likely,Somewhat likely,Somewhat likely,Extremely unlikely,Extremely unlikely,1,1,4,4
R_3nwn3pYaKQFqAjA,Extremely likely,Neither likely nor unlikely,Somewhat likely,Neither likely nor unlikely,Somewhat unlikely,3,2,3,4
R_AoqYwbRuBlhQUXT,,,,,,0,0,0,0
R_1NfKJaKDnnAKKY1,Extremely likely,Somewhat likely,Extremely unlikely,Extremely unlikely,Extremely unlikely,1,1,4,1
R_1MlygV5Ths79Lyh,Extremely likely,Extremely likely,Neither likely nor unlikely,Extremely unlikely,Neither likely nor unlikely,1,3,5,3
R_1fdPI4qdkAMUPPI,Extremely likely,Extremely likely,Somewhat likely,Extremely unlikely,Somewhat unlikely,1,2,5,4
R_2xP3BNFNPaTL92z,Extremely likely,Extremely unlikely,Somewhat unlikely,Extremely unlikely,Extremely unlikely,1,1,1,2
R_Wle0qI3Y2CIqIxj,Extremely likely,Extremely likely,Extremely likely,Extremely unlikely,Somewhat unlikely,1,2,5,5
R_31nIZxbK1Kzl1kp,Extremely likely,Neither likely nor unlikely,Extremely likely,Neither likely nor unlikely,Extremely unlikely,3,1,3,5
R_1dgL8LABcTTDxu2,Extremely likely,Extremely likely,Extremely likely,Extremely unlikely,Extremely unlikely,1,1,5,5
R_oZzezbBQysooMox,Extremely likely,Somewhat likely,Extremely likely,Somewhat unlikely,Somewhat unlikely,2,2,4,5
R_1Quf4EjEsCnPAbe,Extremely likely,Extremely likely,Somewhat likely,Somewhat unlikely,Somewhat unlikely,2,2,5,4
R_qItmsukxOgUfDEt,Extremely likely,Extremely likely,Extremely likely,Extremely unlikely,Somewhat likely,1,4,5,5
R_tDS5GhcVB1ySa9b,Extremely likely,Extremely likely,Extremely likely,Somewhat unlikely,Extremely unlikely,2,1,5,5
R_1cSOQ8o0mP4tuzf,Extremely likely,Extremely likely,Somewhat likely,Extremely unlikely,Somewhat unlikely,1,2,5,4
R_33wh7rzcGW7Rw0P,Extremely likely,Extremely likely,Somewhat likely,Somewhat unlikely,Somewhat unlikely,2,2,5,4
R_6ygCmr5Aq47ePHX,Extremely likely,Somewhat likely,Somewhat likely,Extremely unlikely,Extremely unlikely,1,1,4,4
R_1gngWVLSyxnI4We,Extremely likely,Somewhat likely,Somewhat likely,Somewhat likely,Somewhat likely,4,4,4,4
R_3QDBoumpZ1zbRTt,Extremely likely,Extremely likely,Somewhat likely,Somewhat unlikely,Somewhat unlikely,2,2,5,4
R_1QhYk36Nni16x9W,Extremely likely,Extremely likely,Extremely likely,Somewhat unlikely,Somewhat unlikely,2,2,5,5
R_272Vu3yKZas06hV,Extremely likely,Somewhat likely,Somewhat likely,Extremely unlikely,Extremely unlikely,1,1,4,4
R_3lAKaD3pfNUPcdr,Extremely likely,Extremely likely,Extremely likely,Extremely unlikely,Extremely unlikely,1,1,5,5
R_31ATZ3iCca6SCJf,Extremely likely,Extremely likely,Extremely likely,Somewhat unlikely,Somewhat unlikely,2,2,5,5
R_20SgdIkT1m2L5yC,Extremely likely,Extremely likely,Extremely likely,Extremely unlikely,Somewhat unlikely,1,2,5,5
R_BywKRni64zwMAIp,Extremely likely,Extremely likely,Neither likely nor unlikely,Extremely unlikely,Neither likely nor unlikely,1,3,5,3
R_1mXwhSzht4Q9Luw,Extremely likely,Extremely likely,Somewhat likely,Neither likely nor unlikely,Somewhat unlikely,3,2,5,4
R_2ctRQHKnOky1zwW,Extremely likely,Extremely likely,Extremely likely,Extremely unlikely,Somewhat unlikely,1,2,5,5
R_3rTjclHZrvGqJiw,Extremely likely,Extremely likely,Somewhat likely,Somewhat unlikely,Somewhat unlikely,2,2,5,4
R_2EtuhD3sL7ZMopd,Extremely likely,Extremely likely,Somewhat unlikely,Neither likely nor unlikely,Somewhat likely,3,4,5,2
R_3O160iKRafC0phA,Extremely likely,Extremely likely,Neither likely nor unlikely,Extremely unlikely,Neither likely nor unlikely,1,3,5,3
R_T6lbRY3FBNwGGqJ,Extremely likely,Somewhat unlikely,Somewhat likely,Somewhat likely,Somewhat unlikely,4,2,2,4
R_2VvxLj6rY4u0X3Z,Extremely likely,Extremely likely,Neither likely nor unlikely,Somewhat likely,Somewhat likely,4,4,5,3
R_w7V3lmRJ1g76A7L,Extremely likely,Extremely likely,Extremely likely,Extremely unlikely,Extremely unlikely,1,1,5,5
R_3O1vo0TSVvTf06F,Extremely likely,Extremely likely,,Extremely unlikely,Neither likely nor unlikely,1,3,5,0
R_eFGZ7HinHAcx3J7,Extremely likely,Extremely likely,Extremely likely,Somewhat unlikely,Somewhat unlikely,2,2,5,5
R_1N3NzNZRYEtxmei,Extremely likely,Neither likely nor unlikely,Neither likely nor unlikely,Extremely unlikely,Extremely unlikely,1,1,3,3
R_8e1AbnoBy1K9AL7,Extremely likely,Extremely likely,Somewhat likely,Neither likely nor unlikely,Somewhat unlikely,3,2,5,4
R_3iFuogFuyw3qi5j,Extremely unlikely,,,,,0,0,0,0
R_1DMDzMnBg0H2ej3,Extremely likely,Extremely likely,Extremely likely,Somewhat unlikely,Extremely likely,2,5,5,5
R_3jVgFAVd5wVvFdC,Extremely likely,Extremely likely,Extremely likely,Somewhat unlikely,Extremely unlikely,2,1,5,5
R_pAbja210EwcSuZz,Extremely likely,Extremely likely,Extremely likely,Extremely unlikely,Extremely unlikely,1,1,5,5
R_TbX9npjT6KHAYUx,Extremely likely,Somewhat likely,Somewhat likely,Extremely unlikely,Somewhat unlikely,1,2,4,4
R_2bP2YH08feJHGsK,Extremely likely,Somewhat likely,Somewhat likely,Somewhat unlikely,Somewhat unlikely,2,2,4,4
R_21vTsDRphwCeJlo,Extremely likely,Extremely likely,Extremely likely,Extremely unlikely,Extremely unlikely,1,1,5,5
R_0x3H9Wp4bfcOhl7,Extremely likely,Extremely unlikely,Somewhat likely,Extremely unlikely,Extremely unlikely,1,1,1,4
R_1FCVn18TaZRKeKM,Somewhat unlikely,Somewhat likely,Somewhat likely,Somewhat unlikely,Somewhat unlikely,2,2,4,4
R_2ur3OYF84qkTKAR,Extremely likely,Extremely likely,Extremely likely,Extremely unlikely,Extremely unlikely,1,1,5,5
R_eg77MJYje16owmt,Extremely likely,Extremely likely,Extremely likely,Extremely unlikely,Extremely unlikely,1,1,5,5
R_vVOOHl5w74hCCA1,Somewhat likely,Extremely likely,Extremely likely,Somewhat unlikely,Somewhat unlikely,2,2,5,5
R_1JEp3GUrukQJPeq,Extremely likely,Extremely likely,Extremely likely,Extremely unlikely,Extremely unlikely,1,1,5,5
R_3IbfpoQCG4S2h7q,Somewhat likely,Extremely likely,Extremely likely,,,0,0,5,5
R_1pJOD7oR8FVIGHh,Extremely likely,Extremely likely,Extremely likely,Extremely unlikely,Extremely unlikely,1,1,5,5
R_3nIcWnv3GxJDk1V,Extremely likely,Extremely likely,Extremely likely,Neither likely nor unlikely,Somewhat likely,3,4,5,5
R_3lJt1qZDrcPmgiW,Extremely likely,Neither likely nor unlikely,Extremely likely,Neither likely nor unlikely,Extremely unlikely,3,1,3,5
R_0Mz69uR9k9vtMhH,Extremely likely,Somewhat likely,Somewhat likely,Extremely unlikely,Extremely unlikely,1,1,4,4
R_3hiITL8ObapeAZ7,Extremely likely,Somewhat unlikely,Neither likely nor unlikely,Extremely unlikely,Somewhat unlikely,1,2,2,3
R_3Mz1Cxck9NoCx69,Extremely likely,Somewhat likely,Somewhat likely,Somewhat unlikely,Somewhat unlikely,2,2,4,4
R_3nVKsAeifhrIugV,Extremely likely,Extremely likely,Extremely likely,Extremely unlikely,Extremely unlikely,1,1,5,5
R_5bYXsj56pU7f6cV,Extremely likely,Somewhat likely,Somewhat likely,Extremely unlikely,Extremely unlikely,1,1,4,4
R_1Q3jy1tpQx1TKUe,Extremely likely,Extremely likely,Extremely likely,Extremely unlikely,Extremely unlikely,1,1,5,5
R_1ohbkP5PtYiuPmr,Extremely likely,Extremely likely,Extremely likely,Extremely unlikely,Extremely unlikely,1,1,5,5
R_3PYqb18pSKy7lhp,Extremely likely,Somewhat unlikely,Neither likely nor unlikely,Extremely likely,Neither likely nor unlikely,5,3,2,3
R_1dtxnQ5xSjBsyQE,Extremely likely,Extremely likely,Somewhat likely,Somewhat likely,Somewhat likely,4,4,5,4
R_290UNrNX5Oi3Lhn,Somewhat unlikely,Somewhat unlikely,Extremely likely,Extremely unlikely,Somewhat unlikely,1,2,2,5
R_2trr358i8FgTE7w,Extremely likely,Somewhat unlikely,Extremely likely,Neither likely nor unlikely,Extremely unlikely,3,1,2,5
R_1K6ATaM7vI4BcRD,Extremely likely,Extremely likely,Extremely likely,Extremely unlikely,Extremely unlikely,1,1,5,5
R_1lhgGvTNWBGshoI,Extremely likely,Extremely likely,Extremely likely,Somewhat likely,Somewhat likely,4,4,5,5
R_1jlcq7aJbp5r1lh,Extremely likely,Extremely likely,Extremely likely,Somewhat unlikely,Somewhat unlikely,2,2,5,5
R_1HpEn98o6udx7Ub,Extremely likely,Extremely likely,Somewhat likely,Extremely unlikely,Extremely unlikely,1,1,5,4
R_2q2xkp8MGGJWxOB,Extremely likely,Extremely likely,Extremely likely,Extremely unlikely,Extremely unlikely,1,1,5,5
R_2t9eluYQzyPkLZN,Extremely likely,Extremely likely,Extremely likely,Extremely unlikely,Extremely unlikely,1,1,5,5
R_3lWXInooCt5AxMk,Extremely likely,Extremely likely,Extremely likely,Extremely unlikely,Extremely unlikely,1,1,5,5
R_2D5DnYAGYLuaRHn,,,,,,0,0,0,0
R_et80dan6Ef8kFEt,Extremely likely,Extremely likely,Extremely likely,Extremely unlikely,Extremely unlikely,1,1,5,5
R_2VmePXR4Q5QsWOF,Extremely likely,Extremely likely,Extremely likely,Extremely unlikely,Extremely unlikely,1,1,5,5
R_3NINTRRxUUm0iMk,Extremely likely,Extremely likely,Extremely likely,Extremely unlikely,Extremely unlikely,1,1,5,5
R_Rt86S0YxH1NkS8p,Extremely likely,Extremely likely,Somewhat likely,Extremely unlikely,Somewhat unlikely,1,2,5,4
R_yIn9qXmbRP9mmfT,Extremely likely,Extremely likely,Neither likely nor unlikely,Extremely unlikely,Neither likely nor unlikely,1,3,5,3
R_6sCdOxXdi41nIVr,Extremely likely,Extremely likely,Extremely likely,Extremely unlikely,Extremely unlikely,1,1,5,5
R_3drRvB9qjbxxHXj,Extremely likely,Extremely likely,Extremely likely,Extremely unlikely,Somewhat unlikely,1,2,5,5
R_3stZoCEhtHdYEv7,Extremely likely,Extremely likely,Somewhat likely,Extremely unlikely,Somewhat likely,1,4,5,4
R_CjdYvp0hSrfyrHr,Extremely likely,Extremely unlikely,Extremely likely,Extremely unlikely,Extremely unlikely,1,1,1,5
R_Df4j2oKjbx2X8sx,Extremely likely,Extremely likely,Extremely likely,Extremely unlikely,Somewhat unlikely,1,2,5,5
R_3PplAruzLhnrpq9,Extremely likely,Extremely likely,Somewhat likely,Somewhat unlikely,Somewhat likely,2,4,5,4
R_2QS90n0J3CkpXwU,Extremely likely,Extremely likely,Neither likely nor unlikely,Extremely unlikely,Neither likely nor unlikely,1,3,5,3
R_A7e9aYuaP55WUsF,Extremely likely,Somewhat likely,Extremely likely,Extremely unlikely,Extremely unlikely,1,1,4,5
R_Q660StJyZoh1L5T,Extremely likely,Extremely likely,Neither likely nor unlikely,Extremely unlikely,Extremely unlikely,1,1,5,3
R_3yBqQpmbVGshha9,Extremely likely,Extremely likely,Extremely likely,Extremely unlikely,Somewhat unlikely,1,2,5,5
R_C84dQq259jLpO8N,Extremely likely,Extremely likely,Extremely likely,Extremely unlikely,Extremely unlikely,1,1,5,5
R_3Eu0VjnnWUqrmfq,,,,,,0,0,0,0
R_cZ7x3su4cZtoGqd,Neither likely nor unlikely,Extremely likely,Extremely likely,Somewhat unlikely,Somewhat unlikely,2,2,5,5
R_3Ea8yi3UX1CHZgm,Extremely likely,Somewhat unlikely,Neither likely nor unlikely,Extremely unlikely,Neither likely nor unlikely,1,3,2,3
R_DOAXv6EFqEA8lcR,Extremely likely,Somewhat likely,Extremely likely,Extremely unlikely,Extremely unlikely,1,1,4,5
R_BuhiyXPqmlzoLe1,Extremely likely,Extremely likely,Extremely unlikely,Extremely unlikely,Extremely unlikely,1,1,5,1
R_2DT5y1bdb749YTF,Extremely likely,Extremely likely,Extremely likely,Extremely unlikely,Extremely unlikely,1,1,5,5
R_3DpyyQ5oN0DGLPR,Extremely unlikely,Extremely likely,Extremely likely,Extremely unlikely,Extremely unlikely,1,1,5,5
R_1oHJcf4ecInDPxg,Extremely likely,Extremely likely,Extremely likely,Extremely unlikely,Extremely unlikely,1,1,5,5
R_1NhubF3cXhwvowZ,Extremely likely,Extremely likely,Extremely likely,Extremely unlikely,Somewhat unlikely,1,2,5,5
R_Ado3IVhorJjHdCh,Extremely unlikely,Extremely likely,Extremely likely,Extremely unlikely,Extremely unlikely,1,1,5,5
R_1LRsd74Lmf0vUAk,Extremely likely,Extremely likely,Somewhat likely,Extremely unlikely,Extremely unlikely,1,1,5,4
R_3PpYOisHeizVCF5,Somewhat likely,Extremely likely,Somewhat likely,Extremely unlikely,Somewhat unlikely,1,2,5,4
R_2OHeOTGM58dFZNO,Extremely likely,Extremely likely,Somewhat likely,Extremely unlikely,Somewhat likely,1,4,5,4
R_1HiPZ5ABrguLMnZ,Extremely likely,Extremely likely,Extremely likely,Extremely unlikely,Extremely unlikely,1,1,5,5
R_1gC7uJJ7xmIAKZp,Extremely likely,Neither likely nor unlikely,Somewhat unlikely,Neither likely nor unlikely,Neither likely nor unlikely,3,3,3,2
R_0vP8B5eAqk9Wfmx,Extremely likely,Extremely likely,Extremely likely,Somewhat unlikely,Somewhat likely,2,4,5,5
R_3RybQo6fuO5hFJJ,Extremely likely,Extremely unlikely,Extremely likely,Extremely unlikely,Extremely unlikely,1,1,1,5
R_2TtVDbRXPz15H2u,Extremely likely,Somewhat likely,Extremely likely,Somewhat unlikely,Extremely unlikely,2,1,4,5
R_1PTAnQAImfOHR2A,Extremely likely,Somewhat likely,Neither likely nor unlikely,Somewhat unlikely,Somewhat unlikely,2,2,4,3
R_2EzBMB21o1fJqKK,Extremely likely,Extremely likely,,Somewhat unlikely,Extremely unlikely,2,1,5,0
R_7Wja7XaJnubJ1jb,Extremely likely,Extremely likely,Somewhat likely,Extremely unlikely,Somewhat unlikely,1,2,5,4
R_2CcUh3pSwZfWQhs,,,,,,0,0,0,0
R_389WQR8wb26jBzr,Extremely likely,Extremely likely,Somewhat likely,Somewhat unlikely,Somewhat unlikely,2,2,5,4
R_2tcnk5lVJHCsiCB,Extremely likely,Somewhat likely,Extremely unlikely,Extremely unlikely,Extremely likely,1,5,4,1
R_3EiGE3R4dsrKKWg,Extremely likely,Extremely likely,Extremely likely,Extremely unlikely,Extremely unlikely,1,1,5,5
R_3g6CifOucuXDDgI,Extremely likely,Extremely likely,Neither likely nor unlikely,Somewhat unlikely,Neither likely nor unlikely,2,3,5,3
R_RRDSzLTJjizG3zb,Extremely likely,Somewhat likely,Somewhat unlikely,Extremely unlikely,Extremely unlikely,1,1,4,2
R_1ezBoKw5WPrGlcJ,Extremely likely,Neither likely nor unlikely,Somewhat likely,Extremely unlikely,Extremely unlikely,1,1,3,4
R_1QGuzmYZhpAqOaJ,Extremely likely,Somewhat likely,Somewhat likely,Somewhat unlikely,Extremely unlikely,2,1,4,4
R_3CUi5Jdp5sielRl,,,,,,0,0,0,0
R_1j8GsAN0Sm6zUxn,Extremely likely,Extremely likely,Somewhat likely,Somewhat unlikely,Somewhat unlikely,2,2,5,4
R_qw6yTLyhXNubePT,Extremely likely,Extremely likely,Extremely likely,Extremely unlikely,Extremely unlikely,1,1,5,5
R_2CTwz6Cl7QuU2kA,Extremely likely,Extremely likely,Somewhat likely,Somewhat unlikely,Somewhat unlikely,2,2,5,4
R_1dKZiiotqUH0E3k,Extremely likely,Somewhat likely,Somewhat likely,Somewhat unlikely,Somewhat unlikely,2,2,4,4
R_210QE9rrdqn40e3,Somewhat likely,Extremely likely,Extremely likely,Extremely unlikely,Somewhat unlikely,1,2,5,5
R_zShtOsakLIltNx7,,Extremely likely,Somewhat likely,Somewhat unlikely,Somewhat unlikely,2,2,5,4
R_2sSArqRYPEGqYLI,Somewhat likely,Extremely likely,Extremely likely,Extremely unlikely,Somewhat unlikely,1,2,5,5
R_6XyVEfOMu0vaSuR,Extremely likely,Extremely likely,Neither likely nor unlikely,Extremely unlikely,Neither likely nor unlikely,1,3,5,3
R_3emAWvo36f0jY75,Extremely likely,Extremely likely,Somewhat likely,Extremely unlikely,Extremely unlikely,1,1,5,4
R_qxbdsuk1BjrNhzH,Extremely likely,Extremely likely,Extremely likely,Somewhat unlikely,Extremely unlikely,2,1,5,5
R_3pyuuVlPMUEqTmh,Somewhat likely,Somewhat likely,Somewhat likely,Somewhat likely,Somewhat likely,4,4,4,4
R_124RzCXmJM8Hh6E,Extremely likely,Extremely likely,Extremely likely,Somewhat unlikely,Somewhat unlikely,2,2,5,5
R_wMnZDJluSVlymad,Extremely likely,Extremely likely,Somewhat likely,Extremely unlikely,Somewhat likely,1,4,5,4
R_2zdx09Xfv1XB9JG,Extremely likely,Extremely unlikely,Extremely unlikely,Extremely likely,Extremely likely,5,5,1,1
R_2fJKvE9XiVUPXC5,Extremely likely,Extremely likely,Somewhat likely,Somewhat unlikely,Somewhat unlikely,2,2,5,4
R_3MhcDFDdwvIgCht,Extremely likely,Extremely likely,Extremely likely,Somewhat unlikely,Extremely unlikely,2,1,5,5
R_2Bmk5yZSdQjifuB,Extremely likely,Extremely likely,Extremely likely,Extremely unlikely,Extremely unlikely,1,1,5,5
R_24emLcapgeSCov2,Extremely likely,Somewhat unlikely,Somewhat unlikely,Extremely unlikely,Extremely unlikely,1,1,2,2
R_2V8zGRBxp4udmtg,Somewhat likely,Extremely likely,Extremely likely,Extremely unlikely,Extremely unlikely,1,1,5,5
R_3F3z0MqkIwO0nwR,Extremely likely,Extremely likely,Extremely likely,Extremely unlikely,Extremely unlikely,1,1,5,5
R_2S7grkq9ZpbDHpi,Somewhat likely,Extremely unlikely,Neither likely nor unlikely,Somewhat unlikely,Extremely likely,2,5,1,3
R_3R4oIUHMpsMA7cM,Extremely likely,Extremely likely,Somewhat likely,Extremely unlikely,Extremely unlikely,1,1,5,4
R_838V4xD0j17LPW1,Extremely likely,Extremely likely,Extremely likely,Somewhat unlikely,Somewhat unlikely,2,2,5,5
R_1K2dzXwE3Z8vAyC,Somewhat unlikely,Extremely likely,Neither likely nor unlikely,Extremely likely,Extremely likely,5,5,5,3
R_2zd6lj5dzFvyZRH,Extremely likely,Extremely likely,Extremely likely,Neither likely nor unlikely,Neither likely nor unlikely,3,3,5,5
R_28ZKNY0yTfBHF4d,Somewhat likely,Somewhat likely,Extremely likely,Somewhat likely,Somewhat unlikely,4,2,4,5
R_ai0nXEtWuS9gdTr,Extremely likely,Extremely unlikely,Extremely unlikely,Extremely likely,Extremely unlikely,5,1,1,1
R_1Ed0sA8iht7WVKF,Extremely likely,Somewhat likely,Somewhat likely,Extremely unlikely,Extremely unlikely,1,1,4,4
R_2cmYFmnKjkUfNL3,Extremely likely,Neither likely nor unlikely,Neither likely nor unlikely,Neither likely nor unlikely,Neither likely nor unlikely,3,3,3,3
R_3EtGBFCePWNTPIR,Extremely likely,Extremely likely,Extremely likely,Extremely unlikely,Extremely unlikely,1,1,5,5
R_3MxiXkh9h4MtXJu,Extremely likely,Extremely likely,Extremely likely,Extremely unlikely,Extremely unlikely,1,1,5,5
R_1rdAzDCaoqhcZms,Extremely likely,Extremely likely,Extremely likely,Extremely unlikely,Extremely unlikely,1,1,5,5
R_806OSf5x4LP0Mg1,Extremely likely,Extremely likely,Extremely likely,Extremely unlikely,Extremely unlikely,1,1,5,5
R_cBcGjy1hlmPgJNL,Extremely likely,Somewhat likely,Somewhat likely,Extremely unlikely,Extremely unlikely,1,1,4,4
R_1Kr3jHJCP0Lsh9T,Extremely likely,Somewhat likely,Extremely likely,Somewhat unlikely,Extremely unlikely,2,1,4,5
R_C8EkImjY7hNwEpj,Extremely likely,Somewhat likely,Somewhat likely,Somewhat unlikely,Somewhat unlikely,2,2,4,4
R_21j2a2qnwcsEDd6,Extremely likely,Extremely likely,Extremely likely,Somewhat unlikely,Extremely unlikely,2,1,5,5
R_b3joVTISNL7sPbb,Extremely likely,Extremely likely,Extremely likely,Extremely likely,Extremely unlikely,5,1,5,5
R_sq8sDAnUJeJb5Xr,Extremely likely,Somewhat likely,Extremely likely,Extremely unlikely,Extremely unlikely,1,1,4,5
R_0OsaCJIIUfUmmFX,Extremely likely,Extremely likely,Somewhat likely,Somewhat unlikely,Somewhat unlikely,2,2,5,4
R_1hGOD5l0iXsekY0,Extremely likely,,Somewhat likely,Somewhat likely,Somewhat likely,4,4,0,4
R_ef9S9K1FpNIKbOV,Extremely likely,Extremely likely,Extremely likely,Somewhat likely,Somewhat likely,4,4,5,5
R_3RmwF1aAhkNJBxs,Extremely likely,Extremely likely,Extremely likely,Extremely unlikely,Extremely unlikely,1,1,5,5
R_1QlRmun1GC5Y33A,Extremely likely,Extremely likely,Somewhat likely,Extremely unlikely,Somewhat unlikely,1,2,5,4
R_2X54ciMYUheU6vO,Extremely likely,Extremely likely,Extremely likely,Extremely unlikely,Somewhat unlikely,1,2,5,5
R_2q4pDz3mT7iYZbu,Extremely likely,Somewhat likely,Somewhat likely,Somewhat likely,Somewhat likely,4,4,4,4
R_6DKWjNhFycV20qB,Extremely likely,Extremely likely,Somewhat likely,Somewhat unlikely,Somewhat unlikely,2,2,5,4
R_3iIKotxLfrAGmyt,,,,,,0,0,0,0
R_6GzkLRJgPrtpd7z,Extremely likely,Extremely likely,Somewhat likely,Extremely unlikely,Extremely unlikely,1,1,5,4
R_yNFET7HqVThco49,Somewhat unlikely,Extremely likely,Somewhat likely,Extremely unlikely,Somewhat unlikely,1,2,5,4
R_sbvbx5snp9giUHn,Extremely likely,Extremely likely,Extremely likely,Extremely unlikely,Somewhat likely,1,4,5,5
R_1LU5HafDaXl52XS,,,,,,0,0,0,0
R_Rlu6s6l1IOB8WtP,,,,,,0,0,0,0
R_1BRXCyw8EEJqyPQ,,,,,,0,0,0,0
R_31BMmjdomNBxcOX,Extremely likely,Extremely likely,Extremely likely,Somewhat unlikely,Extremely unlikely,2,1,5,5
R_1E4erKJglRMe8NG,,,,,,0,0,0,0
R_3FWDPipzgermE3K,,,,,,0,0,0,0
R_wLhCBA3Qt23h5Ml,,,,,,0,0,0,0
R_DqvY6ovfAZAm43T,,,,,,0,0,0,0
R_wTzi2I0tjth8onf,,,,,,0,0,0,0
R_3fJehrH7esTeniw,,,,,,0,0,0,0
R_RzgnpPZ3McSb8SR,,,,,,0,0,0,0
R_1I4ckt4C85us6cG,,,,,,0,0,0,0
R_8f6mIbZzplHBx17,,,,,,0,0,0,0
R_AoEpZ97rb7sA1yN,,,,,,0,0,0,0
R_W0Y8VZK3fKh4Mdr,,,,,,0,0,0,0
R_Z8A2CnTQ9tZpKcF,,,,,,0,0,0,0
R_USWTMdoHPtDMfUl,,,,,,0,0,0,0
R_3n7QurvmC56XeNs,,,,,,0,0,0,0
R_3PYKj1PXnETWzFU,Extremely likely,Somewhat likely,Extremely likely,Somewhat unlikely,Somewhat unlikely,2,2,4,5
R_3CCz2gtvDTS4M2x,,,,,,0,0,0,0
R_3EbQTBFMmqNGvgd,,,,,,0,0,0,0
R_11Z5dt9kDZclxjj,,,,,,0,0,0,0
R_1eFCtGsuSozkzge,,,,,,0,0,0,0
R_2uwkkwsXfACsDyD,Extremely likely,Neither likely nor unlikely,Extremely unlikely,Extremely unlikely,Extremely unlikely,1,1,3,1
R_2AKy89OKqYXoKG0,,,,,,0,0,0,0
R_qLbIagSmlwnXrd7,,,,,,0,0,0,0
R_1pJMbs4md2zLRSI,,,,,,0,0,0,0
R_1ePD7SXAPku8XPG,,,,,,0,0,0,0
R_2rvkUsj0T0hgDEv,Extremely likely,Extremely likely,Extremely likely,Somewhat likely,Extremely unlikely,4,1,5,5
R_73ZMkwKfisJrK13,,,,,,0,0,0,0
R_1LMcy8Gqeh1K8nG,Extremely likely,Somewhat likely,Somewhat likely,Somewhat unlikely,Somewhat unlikely,2,2,4,4
R_cMj9qjWjSBgNphn,Extremely likely,Extremely likely,Extremely likely,Somewhat unlikely,Somewhat unlikely,2,2,5,5
R_qw0juk4RzZptHDb,,,,,,0,0,0,0
R_1EXnqOfDqYaeIa8,Extremely likely,Extremely likely,Extremely likely,Neither likely nor unlikely,Somewhat unlikely,3,2,5,5
R_20Y8xuoOR0H50Be,Extremely likely,Extremely likely,Extremely likely,Extremely likely,Extremely likely,5,5,5,5
R_2c0H8WWwUTc7DK9,Extremely likely,Extremely likely,Extremely likely,Extremely unlikely,Extremely unlikely,1,1,5,5
R_10u6jtz7PG8acWS,,,,,,0,0,0,0
R_1DIkaYsjt0B06r9,,,,,,0,0,0,0
R_wM0fJq8E8T9FTpv,Extremely likely,Extremely likely,Somewhat likely,Extremely unlikely,Somewhat unlikely,1,2,5,4
R_29ncRIk8PR9hcag,,,,,,0,0,0,0
R_27m6go1Kpx3KiJo,Extremely likely,Extremely unlikely,Somewhat likely,Extremely unlikely,Extremely unlikely,1,1,1,4
R_2Uhp9eIUMdmotk4,,,,,,0,0,0,0
R_1HjA515m8pkbwAC,,,,,,0,0,0,0
R_3nf8HJLLUFiwx6q,,,,,,0,0,0,0
R_umNZG9Z2pSF2WPL,Extremely likely,Somewhat likely,Neither likely nor unlikely,Somewhat unlikely,Neither likely nor unlikely,2,3,4,3
R_3QM0u6RqLM3tOHC,,,,,,0,0,0,0
R_1ocDiDnkhmV0Pye,Extremely likely,Somewhat likely,Somewhat likely,Somewhat unlikely,Extremely likely,2,5,4,4
R_bNKysuPOz2djVV7,Extremely likely,Extremely unlikely,Extremely unlikely,Extremely unlikely,,1,0,1,1
R_bO3EPHNadLgDZ5v,,,,,,0,0,0,0
R_2aRYZNtppuXTodk,,,,,,0,0,0,0
R_9HTWV6pGy4SCIzn,Somewhat likely,Extremely likely,Extremely likely,Somewhat likely,Somewhat unlikely,4,2,5,5
R_2rD5J3AoO0FBtNL,,,,,,0,0,0,0
R_1Fybcd6JK1iqxla,,,,,,0,0,0,0
R_2wiuNjpc8iLjcXW,,,,,,0,0,0,0
R_3nMgAs26FmrlIHx,,,,,,0,0,0,0
R_0Bt8UJOZG1Pcz4Z,,,,,,0,0,0,0
R_2OJaJNbhHmfg5lB,,,,,,0,0,0,0
R_3GAMcFPPrEJYm1m,,,,,,0,0,0,0
R_1FPsV0eNewP0h8t,,,,,,0,0,0,0
R_2SubvuQ2xBjMgjC,,,,,,0,0,0,0
R_2BmtwT75sYbkaen,,,,,,0,0,0,0
R_2w6a38YsVxyze2x,,,,,,0,0,0,0
R_tJVj4r8uQ0PXTC9,,,,,,0,0,0,0
R_786xKhNmVap59Rf,,,,,,0,0,0,0
R_3HqqW5TIT8IJaIl,,,,,,0,0,0,0
R_12xlUVoPBcNNul2,,,,,,0,0,0,0
R_2v6W1rdgnbh5XgH,,,,,,0,0,0,0
R_1jGQnwtcxtifBTX,,,,,,0,0,0,0
