responseid,specialty_metals_disposal,trash,recycle,dropoff,other
R_2dL7Dr8dZTCTKwT,NA,False,False,False,False
R_1DvFTBxrtp3Jn7k,Trash Cart,True,False,False,False
R_2S1VkDbgNkHOtu2,Trash Cart,True,False,False,False
R_WAw1Y2Lth9AzEt3,NA,False,False,False,False
R_3NXr97CGD8N3bmg,Trash Cart,True,False,False,False
R_3oMg4oXhX3tSVRX,Trash Cart,True,False,False,False
R_Q4fpQoXlaK7Mich,Trash Cart,True,False,False,False
R_3kiLunV05z4Szeh,Take to Drop-off Recycling Center,False,False,True,False
R_1KxmkexzynkSl95,Recycling Cart,False,True,False,False
R_tSROmSFI65uhA2J,Trash Cart,True,False,False,False
R_3EtDMDxfllMlOjQ,NA,False,False,False,False
R_2tLMUvK1EH7DLeG,NA,False,False,False,False
R_23488oCmFcoTcSo,Trash Cart,True,False,False,False
R_2RadolWwkWxzk1P,Recycling Cart,False,True,False,False
R_1g2xGtXkn9deN5R,Recycling Cart,False,True,False,False
R_2EoWt3uBdqOZimJ,Take to Drop-off Recycling Center,False,False,True,False
R_1FS6PynCDXPC9cK,Recycling Cart,False,True,False,False
R_3mlNCY103xrod13,Trash Cart,True,False,False,False
R_2VmccSEFjhd3HdO,NA,False,False,False,False
R_1QlIYkuOeDmZBz0,Recycling Cart,False,True,False,False
R_DOjuEcxc0Ac9XmV,Recycling Cart,False,True,False,False
R_TiPzLjzfIRiiMOB,Recycling Cart,False,True,False,False
R_2rPBf7hZ2fluqTC,Other (such as can and bottle return or compost),False,False,False,True
R_2fpNpQlj6haARqq,Recycling Cart,False,True,False,False
R_2tledQ3XLda1vEC,Recycling Cart,False,True,False,False
R_DOxmHFBL1K0uJYB,Trash Cart,True,False,False,False
R_9vsXwRK28UxJrGN,"Recycling Cart,Take to Drop-off Recycling Center",False,True,True,False
R_3KAwxBZIyCXBKUY,NA,False,False,False,False
R_2COioatClxTHs17,Recycling Cart,False,True,False,False
R_C1BgpyLAWVNjNEB,Trash Cart,True,False,False,False
R_3KJhRXggdz4ZlkC,Other (such as can and bottle return or compost),False,False,False,True
R_3gZ6y9x1MvVfWoy,Take to Drop-off Recycling Center,False,False,True,False
R_2WGqr6r00R9cRFn,Take to Drop-off Recycling Center,False,False,True,False
R_3fjTI6foFlWsi8a,Recycling Cart,False,True,False,False
R_ulGKVQji1JSWlot,Take to Drop-off Recycling Center,False,False,True,False
R_1GUM8X3lC3QsDdH,Other (such as can and bottle return or compost),False,False,False,True
R_3QDapxcilDJAb0Z,Trash Cart,True,False,False,False
R_2qsn1iZZtIYa3fb,Trash Cart,True,False,False,False
R_22wQpmE7t8aNRZw,Other (such as can and bottle return or compost),False,False,False,True
R_3EEC995yU4ZjGjR,Trash Cart,True,False,False,False
R_21EQnB8dSzsKVfk,Trash Cart,True,False,False,False
R_1H1Vw5z4scuxeDR,Other (such as can and bottle return or compost),False,False,False,True
R_1PY1cGY3K4Pp589,Trash Cart,True,False,False,False
R_1H1amT7gltHB81c,Trash Cart,True,False,False,False
R_1CxbLod3wAaFYBP,Trash Cart,True,False,False,False
R_UXFfvIQeOFQKZ5n,Trash Cart,True,False,False,False
R_2pQYyMG4dzX0OE6,NA,False,False,False,False
R_2VDSkW88jjDy4yq,Recycling Cart,False,True,False,False
R_3ITaqOxDj5RItE7,Trash Cart,True,False,False,False
R_1hFr1gxvqvJVX56,Recycling Cart,False,True,False,False
R_1dfZpRDrv2rY7jR,Trash Cart,True,False,False,False
R_33e5mQ65Tg1UdCK,Take to Drop-off Recycling Center,False,False,True,False
R_74ck1s16gme4s49,Trash Cart,True,False,False,False
R_1fkmHqSIqoB97ou,Trash Cart,True,False,False,False
R_2axHFpThijbRi4d,Recycling Cart,False,True,False,False
R_3NCE5vaAX0073xW,Other (such as can and bottle return or compost),False,False,False,True
R_3DvSxJbuBMglw7z,Trash Cart,True,False,False,False
R_5opRzgT1yJnEJ0J,Trash Cart,True,False,False,False
R_1kUIT1SILd60pyU,Trash Cart,True,False,False,False
R_9ZuknWLhbVqOybf,Trash Cart,True,False,False,False
R_1FLjhf2sFI44Cf4,Recycling Cart,False,True,False,False
R_vMLDrYTdfCabRjX,Trash Cart,True,False,False,False
R_25swR7JzvEq9fSC,Trash Cart,True,False,False,False
R_3qg5G8KDEhDNLsx,Take to Drop-off Recycling Center,False,False,True,False
R_2uD0ALI9QOcgGvy,Trash Cart,True,False,False,False
R_1FETsu2RRPPeIJT,Recycling Cart,False,True,False,False
R_3ixPUKbQWLsfetW,"Trash Cart,Other (such as can and bottle return or compost)",True,False,False,True
R_1mUcb0Hh0r5qucC,Trash Cart,True,False,False,False
R_2PAmevHIHLgziO3,"Recycling Cart,Take to Drop-off Recycling Center",False,True,True,False
R_2Sddp0F6fYGZyHA,Take to Drop-off Recycling Center,False,False,True,False
R_3knpGQ9G5ryIutp,NA,False,False,False,False
R_7NVNNKqoitRQUgx,Trash Cart,True,False,False,False
R_2w1tsFF4dkvUfKp,Other (such as can and bottle return or compost),False,False,False,True
R_3RjBa6MGSs4do0w,Take to Drop-off Recycling Center,False,False,True,False
R_2rSBq7AyNy1tQyA,Trash Cart,True,False,False,False
R_1mlbPGlXYxOItvW,Take to Drop-off Recycling Center,False,False,True,False
R_1FfHXjJCrVBsKDT,Take to Drop-off Recycling Center,False,False,True,False
R_qLAjxtPeyqzAjwl,Take to Drop-off Recycling Center,False,False,True,False
R_1rdfLkwq0zmQpq6,Trash Cart,True,False,False,False
R_1F3a8tnE5Q8pGdi,Recycling Cart,False,True,False,False
R_3isEgheOJ7P7Me5,Other (such as can and bottle return or compost),False,False,False,True
R_3sySnbgLzldFscH,Trash Cart,True,False,False,False
R_3RxAAtDL9Lx4kR7,"Trash Cart,Recycling Cart,Take to Drop-off Recycling Center",True,True,True,False
R_3nBlRCMp3NNYxHy,Recycling Cart,False,True,False,False
R_0wFPwZJvI678KjL,Trash Cart,True,False,False,False
R_1cXO9BN8DVjD1id,Recycling Cart,False,True,False,False
R_O0Vqzd2lhofUuBj,Trash Cart,True,False,False,False
R_1gumG0DM4oGOLwT,Take to Drop-off Recycling Center,False,False,True,False
R_1rHV1Z1POlYzoTy,Trash Cart,True,False,False,False
R_29v1kl7ODZPkbU5,Take to Drop-off Recycling Center,False,False,True,False
R_PHAnDywGWw3nEIN,Take to Drop-off Recycling Center,False,False,True,False
R_By6LtI4TklIHVy9,Trash Cart,True,False,False,False
R_2UhA1v3qaFrnJZP,Trash Cart,True,False,False,False
R_3En9mcTwfuvDfOm,Take to Drop-off Recycling Center,False,False,True,False
R_1mPlcrAhN4I8K7K,Take to Drop-off Recycling Center,False,False,True,False
R_3321VFsdTPHrNf0,Trash Cart,True,False,False,False
R_2s55Fi8dnA002Pt,Trash Cart,True,False,False,False
R_5uUhGcsrjiE6x2x,Trash Cart,True,False,False,False
R_C2KeQW0YotEvUDT,Take to Drop-off Recycling Center,False,False,True,False
R_6s6jBcPw0NjkFi1,NA,False,False,False,False
R_XGTNl5JQHsWQyQh,Trash Cart,True,False,False,False
R_1FJwpfVTJekOqjh,Recycling Cart,False,True,False,False
R_3RwsYtSP9tdkYv1,Trash Cart,True,False,False,False
R_2VlkppxWDNp9fPk,Trash Cart,True,False,False,False
R_8IeUzTJ78Vvwtb3,NA,False,False,False,False
R_2qyGcToGDh4RaZ9,Recycling Cart,False,True,False,False
R_2zvycCkumzeZ52I,Trash Cart,True,False,False,False
R_UGAP20SuXpQA5nb,Recycling Cart,False,True,False,False
R_2qf2sxWPQ6hpy76,NA,False,False,False,False
R_2uszpmMWAkulrn5,Trash Cart,True,False,False,False
R_3KwQ7E4zbFsuJp9,Trash Cart,True,False,False,False
R_11cfBkheKPcFiIz,Take to Drop-off Recycling Center,False,False,True,False
R_2triF08YCXtQQiC,Trash Cart,True,False,False,False
R_25YKUvS6s0IrEQn,Trash Cart,True,False,False,False
R_3mfS4qfldItR359,Take to Drop-off Recycling Center,False,False,True,False
R_1rk2aM9ptDxh0uw,"Trash Cart,Other (such as can and bottle return or compost)",True,False,False,True
R_2e2QOTM0MXgBdim,Other (such as can and bottle return or compost),False,False,False,True
R_2SoVznHLXFp6AII,Other (such as can and bottle return or compost),False,False,False,True
R_3nxx80KCxVLQAE3,Recycling Cart,False,True,False,False
R_3nCACOSRY2r0RhQ,Trash Cart,True,False,False,False
R_3lQa3BonRlpagPA,Other (such as can and bottle return or compost),False,False,False,True
R_115CzHpYpS1WSop,NA,False,False,False,False
R_Ua8v5yZy7uRanBv,Recycling Cart,False,True,False,False
R_A1BsIL7IKYuo4Cd,Trash Cart,True,False,False,False
R_1dtzY5QvyeFFXMY,Trash Cart,True,False,False,False
R_1j9DiGmtVH60GjR,Take to Drop-off Recycling Center,False,False,True,False
R_2zphRy3Bq8VAjZo,Trash Cart,True,False,False,False
R_3IYw0HmXPuJiLqJ,Trash Cart,True,False,False,False
R_e3cV1JzQCM0ZhaF,Recycling Cart,False,True,False,False
R_W8c6wtKmuOsIpuF,Trash Cart,True,False,False,False
R_32LaDJwXmogR9Re,Trash Cart,True,False,False,False
R_3FKbdxo1M9srOu4,Take to Drop-off Recycling Center,False,False,True,False
R_3D17l1H8UgTXOco,Trash Cart,True,False,False,False
R_41QK8DTODGOY6DD,Trash Cart,True,False,False,False
R_1mkpJkQuzB0IDur,Trash Cart,True,False,False,False
R_u4XoVhnSfFl6biF,Trash Cart,True,False,False,False
R_1IW1a19d7zMwG0z,Trash Cart,True,False,False,False
R_2sZLkTb0C7mqclI,Trash Cart,True,False,False,False
R_3QW1JgjCDwCmzuF,Other (such as can and bottle return or compost),False,False,False,True
R_O7kuVKE4IHAWX61,Trash Cart,True,False,False,False
R_3O9vFu3RD2D2mcQ,Take to Drop-off Recycling Center,False,False,True,False
R_rkY7MxBeIzHcSnn,NA,False,False,False,False
R_3MoPNoqjVeAbTkf,NA,False,False,False,False
R_3iJQVFBVGoePjsK,Take to Drop-off Recycling Center,False,False,True,False
R_23e2JVEuiqcVDVx,"Take to Drop-off Recycling Center,Other (such as can and bottle return or compost)",False,False,True,True
R_ebrOmhM9aYaOAud,Other (such as can and bottle return or compost),False,False,False,True
R_WBcVryfMAsGHlKN,Other (such as can and bottle return or compost),False,False,False,True
R_1KdNqEGF7C1sC5A,Recycling Cart,False,True,False,False
R_2q7SYWocftnQoLO,Recycling Cart,False,True,False,False
R_2fvWk64JXy6toFT,Other (such as can and bottle return or compost),False,False,False,True
R_1iao6aZVvwVRUZe,Take to Drop-off Recycling Center,False,False,True,False
R_yvSGUKZX3h6IhRT,Take to Drop-off Recycling Center,False,False,True,False
R_3O8DZ6S5CTIFui5,Recycling Cart,False,True,False,False
R_2pLVAWKB9qAAVl0,Recycling Cart,False,True,False,False
R_zZjd6MDImpQpkhH,Take to Drop-off Recycling Center,False,False,True,False
R_2zcF8zz3ZYq69tz,Take to Drop-off Recycling Center,False,False,True,False
R_9Rd0JuuycBkDQOt,Trash Cart,True,False,False,False
R_3GlYxrDjOzm1M4j,Trash Cart,True,False,False,False
R_vDG1tVlinMDJCkV,Take to Drop-off Recycling Center,False,False,True,False
R_32Qs9cMzDLZAl2t,Take to Drop-off Recycling Center,False,False,True,False
R_1CJgsbXIRk3Dyrz,Trash Cart,True,False,False,False
R_241chZlLK78NijR,Take to Drop-off Recycling Center,False,False,True,False
R_syVnTb8o2REA4h3,Trash Cart,True,False,False,False
R_2DYt3LblJG4lqV2,Trash Cart,True,False,False,False
R_beghlvqjMEKgbyF,Take to Drop-off Recycling Center,False,False,True,False
R_20Z47DpqH3l6p9J,Trash Cart,True,False,False,False
R_305WoZEcIS1taJZ,Take to Drop-off Recycling Center,False,False,True,False
R_2uWLK7FFPO2oztI,Take to Drop-off Recycling Center,False,False,True,False
R_3dKd1cUJjNk9Pkg,Recycling Cart,False,True,False,False
R_3GexPYPKQpKU8B0,Take to Drop-off Recycling Center,False,False,True,False
R_21H8xMqquKAJNSy,Take to Drop-off Recycling Center,False,False,True,False
R_3PAD3WW6ITltXpF,Trash Cart,True,False,False,False
R_ah4EcyNtWq66M37,Other (such as can and bottle return or compost),False,False,False,True
R_3Dpw0L93UJIdmK7,Trash Cart,True,False,False,False
R_1In4KxUw0Pz7PsA,Recycling Cart,False,True,False,False
R_1eDiK2UAe4cmiJq,Other (such as can and bottle return or compost),False,False,False,True
R_3D14QqYiBvt3TpJ,Trash Cart,True,False,False,False
R_26liY8uMWCnVX5o,Trash Cart,True,False,False,False
R_24XgynI8QAzzqa5,Recycling Cart,False,True,False,False
R_2Ysu9W0vTMaHkXd,Other (such as can and bottle return or compost),False,False,False,True
R_3M6xu1HlGTazaU9,Take to Drop-off Recycling Center,False,False,True,False
R_2eQohTuKX3RGs3N,NA,False,False,False,False
R_VImxwgvSIol6MmZ,Trash Cart,True,False,False,False
R_tKz0JJQUD5cKVl7,"Trash Cart,Recycling Cart,Take to Drop-off Recycling Center",True,True,True,False
R_1EX1zItlbW69btm,Trash Cart,True,False,False,False
R_1OBo20X7Pdlzlg2,Take to Drop-off Recycling Center,False,False,True,False
R_2Cwd9iwMC8fg36y,Other (such as can and bottle return or compost),False,False,False,True
R_125X3q2z2JhdTVq,"Trash Cart,Take to Drop-off Recycling Center",True,False,True,False
R_2TKSorrbMmrFTXH,Trash Cart,True,False,False,False
R_28XNQHiIxj2PW34,Other (such as can and bottle return or compost),False,False,False,True
R_1gSYe7XVgt2kDJr,Take to Drop-off Recycling Center,False,False,True,False
R_3mkN4eQnhkCslLR,Other (such as can and bottle return or compost),False,False,False,True
R_2xxHJJ9AwDo1Bm1,Trash Cart,True,False,False,False
R_27lFBqdJmR5LB5A,Take to Drop-off Recycling Center,False,False,True,False
R_9NddfSgkZ3pq8Ux,Trash Cart,True,False,False,False
R_2OMF7fc7bhIodbN,Take to Drop-off Recycling Center,False,False,True,False
R_su3qWsCKCZxc0bT,Trash Cart,True,False,False,False
R_3NOsVEMugLqtAbS,"Take to Drop-off Recycling Center,Other (such as can and bottle return or compost)",False,False,True,True
R_3gUCE4YyhpF1aAP,Other (such as can and bottle return or compost),False,False,False,True
R_curlDvGITFMGVtT,Trash Cart,True,False,False,False
R_BsTjeGGWI3N2qXv,Recycling Cart,False,True,False,False
R_3J9hPQY5ctlQzbT,Take to Drop-off Recycling Center,False,False,True,False
R_3rUTiormaSjiFMv,Take to Drop-off Recycling Center,False,False,True,False
R_qCMghZP7hvCgXw5,NA,False,False,False,False
R_2rDiDMwImMf867I,Other (such as can and bottle return or compost),False,False,False,True
R_2arhxjkK8zDykjj,Take to Drop-off Recycling Center,False,False,True,False
R_2cnI4kyXYeHumuQ,Trash Cart,True,False,False,False
R_2ipFBXCAbJr6j6h,Take to Drop-off Recycling Center,False,False,True,False
R_1Cg1yYgxH72In85,Trash Cart,True,False,False,False
R_238DceOUScTxWxr,Recycling Cart,False,True,False,False
R_SMD70HS3re3JXWN,Trash Cart,True,False,False,False
R_2z7IteDW5O55vUZ,Recycling Cart,False,True,False,False
R_AiHvKEfQU0UdIf7,Other (such as can and bottle return or compost),False,False,False,True
R_3CH3O30a962aoyh,Take to Drop-off Recycling Center,False,False,True,False
R_1isacs1uPjnBq6e,Trash Cart,True,False,False,False
R_1rH68YgAhstYvPk,Take to Drop-off Recycling Center,False,False,True,False
R_p4N0BcQsffCRJ8R,Recycling Cart,False,True,False,False
R_2rA57M2VlfuRR3l,Take to Drop-off Recycling Center,False,False,True,False
R_2b1oF8BOfzRcYSB,"Trash Cart,Other (such as can and bottle return or compost)",True,False,False,True
R_1irmPf9ZJxatNSw,"Trash Cart,Take to Drop-off Recycling Center",True,False,True,False
R_xhCdrOV2cUkcWnn,Trash Cart,True,False,False,False
R_1Cp6BY9f4xRVwSu,Take to Drop-off Recycling Center,False,False,True,False
R_3fis8Z0Vfnd0rRM,Take to Drop-off Recycling Center,False,False,True,False
R_32WpgQ1QA5Ljk2L,Other (such as can and bottle return or compost),False,False,False,True
R_2qslbLaLTpP54M4,Take to Drop-off Recycling Center,False,False,True,False
R_3jezfRQ094qsMtP,Take to Drop-off Recycling Center,False,False,True,False
R_AgL5Sk8obLyKXwR,Take to Drop-off Recycling Center,False,False,True,False
R_3lKeWUujAcQNNUY,Take to Drop-off Recycling Center,False,False,True,False
R_3EAxgqqCRQBjNXB,Other (such as can and bottle return or compost),False,False,False,True
R_1opafvCscbjdmSp,Take to Drop-off Recycling Center,False,False,True,False
R_2xJzsLxgzvSqKo5,Recycling Cart,False,True,False,False
R_3MLnb5mDiwhwwFk,Trash Cart,True,False,False,False
R_3GvSiRej4oj4hIm,Take to Drop-off Recycling Center,False,False,True,False
R_XFz7gfdKWRtILL3,Trash Cart,True,False,False,False
R_25LV3fqkDEPNHxJ,"Trash Cart,Recycling Cart",True,True,False,False
R_3EYBI8qZ5L8xI2D,Other (such as can and bottle return or compost),False,False,False,True
R_2YFyVTyAmL0gE0A,Trash Cart,True,False,False,False
R_2OW3G6P6FX5f1L8,Take to Drop-off Recycling Center,False,False,True,False
R_3m4WwIGrONAHMPz,Trash Cart,True,False,False,False
R_PvYD2FzWdbb9kfT,Take to Drop-off Recycling Center,False,False,True,False
R_33xm2Ts2voco948,Take to Drop-off Recycling Center,False,False,True,False
R_2VC4inzlj4hK9yk,Trash Cart,True,False,False,False
R_22ofAI05Nb7pJhQ,Take to Drop-off Recycling Center,False,False,True,False
R_9v2HRUkD5b6P7Oh,NA,False,False,False,False
R_1jery6gMn5igTgT,Trash Cart,True,False,False,False
R_0J05cw0anbnEx9L,Recycling Cart,False,True,False,False
R_248hvBxBEHG8IyK,Trash Cart,True,False,False,False
R_33kZ1yDCBqUsSps,Take to Drop-off Recycling Center,False,False,True,False
R_3Li2plAbXbO7J6u,Trash Cart,True,False,False,False
R_1pSvMleQx8pWUTd,Trash Cart,True,False,False,False
R_2BhNyFLjcEypaHw,Take to Drop-off Recycling Center,False,False,True,False
R_3kv7eB51QY91g0J,Take to Drop-off Recycling Center,False,False,True,False
R_2EyhtnVt1iUNtST,Trash Cart,True,False,False,False
R_1pVtNJ1CPl3f3LH,Take to Drop-off Recycling Center,False,False,True,False
R_3nrBmfkVOh7TKlb,Other (such as can and bottle return or compost),False,False,False,True
R_2D7em0FlxS3XgLR,NA,False,False,False,False
R_28YD2wk4QiTilso,Other (such as can and bottle return or compost),False,False,False,True
R_0llLAx6357oOXbb,Trash Cart,True,False,False,False
R_1eQu5aZqnTai2d8,NA,False,False,False,False
R_2D6PFil7c2zCnfX,Take to Drop-off Recycling Center,False,False,True,False
R_yJ7sVvc9iLkLeX7,"Recycling Cart,Other (such as can and bottle return or compost)",False,True,False,True
R_1NyU2A8yKpCgP6X,Take to Drop-off Recycling Center,False,False,True,False
R_27DzDbtFUFi8ply,Other (such as can and bottle return or compost),False,False,False,True
R_pQ61HB544mdfk2d,Take to Drop-off Recycling Center,False,False,True,False
R_1Q9gjcfS3RqNG58,Trash Cart,True,False,False,False
R_QlU3IHeoF3t27bb,Take to Drop-off Recycling Center,False,False,True,False
R_6DNR2rnwKRXbosh,Take to Drop-off Recycling Center,False,False,True,False
R_3kO2QK1355nrpx4,Take to Drop-off Recycling Center,False,False,True,False
R_1LBBMChyqH8jAl5,Trash Cart,True,False,False,False
R_b2BPStkZRjp50I1,Recycling Cart,False,True,False,False
R_ZLa1fnBV11IBFHH,"Trash Cart,Take to Drop-off Recycling Center",True,False,True,False
R_zSfG4ln5iTQYcw1,Other (such as can and bottle return or compost),False,False,False,True
R_2dp4wt3meEgb6Lh,Trash Cart,True,False,False,False
R_2UW8CUZH7AdVxUp,Other (such as can and bottle return or compost),False,False,False,True
R_x3l7QO5YRROcwzn,Take to Drop-off Recycling Center,False,False,True,False
R_s4OSbLYTiyxzqq5,Take to Drop-off Recycling Center,False,False,True,False
R_2411MMgGw3Eq69l,"Trash Cart,Recycling Cart",True,True,False,False
R_AKUt4FCJpEatiE1,Take to Drop-off Recycling Center,False,False,True,False
R_1gAUX9FgOj2pGaL,"Recycling Cart,Take to Drop-off Recycling Center",False,True,True,False
R_1Cg8sH0X7dOF31H,Take to Drop-off Recycling Center,False,False,True,False
R_aXH1EomfPHUVi2l,Trash Cart,True,False,False,False
R_afaDQNcRPEoxqOR,Take to Drop-off Recycling Center,False,False,True,False
R_3Jfa8nMPvf2WiUz,Recycling Cart,False,True,False,False
R_25L3ZoCGTioHri1,Take to Drop-off Recycling Center,False,False,True,False
R_2asKoYSjry622Ou,Take to Drop-off Recycling Center,False,False,True,False
R_3kcgHeAUxOU4MaL,Take to Drop-off Recycling Center,False,False,True,False
R_25LVJiFxFwZVcW1,Take to Drop-off Recycling Center,False,False,True,False
R_QoJQfO75mh0K0Bb,Take to Drop-off Recycling Center,False,False,True,False
R_1j6rTddQu31fGwf,"Trash Cart,Recycling Cart",True,True,False,False
R_3HuF3RXs0xFcEgi,Other (such as can and bottle return or compost),False,False,False,True
R_1E7mOoAiv3JMQrB,Other (such as can and bottle return or compost),False,False,False,True
R_1JQiiGEjuCrmyya,Recycling Cart,False,True,False,False
R_Z1PpITBwi5M33nb,Other (such as can and bottle return or compost),False,False,False,True
R_3s5CHiWOAwJ7ntb,Take to Drop-off Recycling Center,False,False,True,False
R_2SHbYgJoGPW7rmN,Recycling Cart,False,True,False,False
R_2P75o9iWmBe4IFP,Take to Drop-off Recycling Center,False,False,True,False
R_10DIRrwFOD7rljt,Recycling Cart,False,True,False,False
R_Op14qf9MHqgtylX,Take to Drop-off Recycling Center,False,False,True,False
R_71EqukmDA788fm1,Take to Drop-off Recycling Center,False,False,True,False
R_RkrAKdE1DjhgSBP,Recycling Cart,False,True,False,False
R_1PSoW7NgtfCg600,Take to Drop-off Recycling Center,False,False,True,False
R_3JERjxv7n52ux8s,Take to Drop-off Recycling Center,False,False,True,False
R_3IRyeswPe00Hm1X,Take to Drop-off Recycling Center,False,False,True,False
R_3nwn3pYaKQFqAjA,"Recycling Cart,Take to Drop-off Recycling Center",False,True,True,False
R_AoqYwbRuBlhQUXT,NA,False,False,False,False
R_1NfKJaKDnnAKKY1,Take to Drop-off Recycling Center,False,False,True,False
R_1MlygV5Ths79Lyh,Recycling Cart,False,True,False,False
R_1fdPI4qdkAMUPPI,Trash Cart,True,False,False,False
R_2xP3BNFNPaTL92z,Take to Drop-off Recycling Center,False,False,True,False
R_Wle0qI3Y2CIqIxj,Trash Cart,True,False,False,False
R_31nIZxbK1Kzl1kp,Take to Drop-off Recycling Center,False,False,True,False
R_1dgL8LABcTTDxu2,NA,False,False,False,False
R_oZzezbBQysooMox,Other (such as can and bottle return or compost),False,False,False,True
R_1Quf4EjEsCnPAbe,Other (such as can and bottle return or compost),False,False,False,True
R_qItmsukxOgUfDEt,Trash Cart,True,False,False,False
R_tDS5GhcVB1ySa9b,Trash Cart,True,False,False,False
R_1cSOQ8o0mP4tuzf,NA,False,False,False,False
R_33wh7rzcGW7Rw0P,Other (such as can and bottle return or compost),False,False,False,True
R_6ygCmr5Aq47ePHX,Other (such as can and bottle return or compost),False,False,False,True
R_1gngWVLSyxnI4We,Trash Cart,True,False,False,False
R_3QDBoumpZ1zbRTt,Recycling Cart,False,True,False,False
R_1QhYk36Nni16x9W,Trash Cart,True,False,False,False
R_272Vu3yKZas06hV,Take to Drop-off Recycling Center,False,False,True,False
R_3lAKaD3pfNUPcdr,Take to Drop-off Recycling Center,False,False,True,False
R_31ATZ3iCca6SCJf,Trash Cart,True,False,False,False
R_20SgdIkT1m2L5yC,Trash Cart,True,False,False,False
R_BywKRni64zwMAIp,Recycling Cart,False,True,False,False
R_1mXwhSzht4Q9Luw,Trash Cart,True,False,False,False
R_2ctRQHKnOky1zwW,Trash Cart,True,False,False,False
R_3rTjclHZrvGqJiw,Take to Drop-off Recycling Center,False,False,True,False
R_2EtuhD3sL7ZMopd,Trash Cart,True,False,False,False
R_3O160iKRafC0phA,Take to Drop-off Recycling Center,False,False,True,False
R_T6lbRY3FBNwGGqJ,Recycling Cart,False,True,False,False
R_2VvxLj6rY4u0X3Z,Other (such as can and bottle return or compost),False,False,False,True
R_w7V3lmRJ1g76A7L,Other (such as can and bottle return or compost),False,False,False,True
R_3O1vo0TSVvTf06F,Recycling Cart,False,True,False,False
R_eFGZ7HinHAcx3J7,Other (such as can and bottle return or compost),False,False,False,True
R_1N3NzNZRYEtxmei,Take to Drop-off Recycling Center,False,False,True,False
R_8e1AbnoBy1K9AL7,Other (such as can and bottle return or compost),False,False,False,True
R_3iFuogFuyw3qi5j,NA,False,False,False,False
R_1DMDzMnBg0H2ej3,Trash Cart,True,False,False,False
R_3jVgFAVd5wVvFdC,Trash Cart,True,False,False,False
R_pAbja210EwcSuZz,"Take to Drop-off Recycling Center,Other (such as can and bottle return or compost)",False,False,True,True
R_TbX9npjT6KHAYUx,Other (such as can and bottle return or compost),False,False,False,True
R_2bP2YH08feJHGsK,NA,False,False,False,False
R_21vTsDRphwCeJlo,"Trash Cart,Other (such as can and bottle return or compost)",True,False,False,True
R_0x3H9Wp4bfcOhl7,Take to Drop-off Recycling Center,False,False,True,False
R_1FCVn18TaZRKeKM,Recycling Cart,False,True,False,False
R_2ur3OYF84qkTKAR,Trash Cart,True,False,False,False
R_eg77MJYje16owmt,Other (such as can and bottle return or compost),False,False,False,True
R_vVOOHl5w74hCCA1,NA,False,False,False,False
R_1JEp3GUrukQJPeq,Trash Cart,True,False,False,False
R_3IbfpoQCG4S2h7q,"Trash Cart,Recycling Cart",True,True,False,False
R_1pJOD7oR8FVIGHh,Take to Drop-off Recycling Center,False,False,True,False
R_3nIcWnv3GxJDk1V,"Trash Cart,Recycling Cart",True,True,False,False
R_3lJt1qZDrcPmgiW,Trash Cart,True,False,False,False
R_0Mz69uR9k9vtMhH,Trash Cart,True,False,False,False
R_3hiITL8ObapeAZ7,Trash Cart,True,False,False,False
R_3Mz1Cxck9NoCx69,Trash Cart,True,False,False,False
R_3nVKsAeifhrIugV,Trash Cart,True,False,False,False
R_5bYXsj56pU7f6cV,Trash Cart,True,False,False,False
R_1Q3jy1tpQx1TKUe,NA,False,False,False,False
R_1ohbkP5PtYiuPmr,Trash Cart,True,False,False,False
R_3PYqb18pSKy7lhp,Take to Drop-off Recycling Center,False,False,True,False
R_1dtxnQ5xSjBsyQE,"Trash Cart,Take to Drop-off Recycling Center",True,False,True,False
R_290UNrNX5Oi3Lhn,"Trash Cart,Recycling Cart",True,True,False,False
R_2trr358i8FgTE7w,Take to Drop-off Recycling Center,False,False,True,False
R_1K6ATaM7vI4BcRD,Trash Cart,True,False,False,False
R_1lhgGvTNWBGshoI,Other (such as can and bottle return or compost),False,False,False,True
R_1jlcq7aJbp5r1lh,NA,False,False,False,False
R_1HpEn98o6udx7Ub,Other (such as can and bottle return or compost),False,False,False,True
R_2q2xkp8MGGJWxOB,Take to Drop-off Recycling Center,False,False,True,False
R_2t9eluYQzyPkLZN,Other (such as can and bottle return or compost),False,False,False,True
R_3lWXInooCt5AxMk,Other (such as can and bottle return or compost),False,False,False,True
R_2D5DnYAGYLuaRHn,NA,False,False,False,False
R_et80dan6Ef8kFEt,Trash Cart,True,False,False,False
R_2VmePXR4Q5QsWOF,Other (such as can and bottle return or compost),False,False,False,True
R_3NINTRRxUUm0iMk,Trash Cart,True,False,False,False
R_Rt86S0YxH1NkS8p,Trash Cart,True,False,False,False
R_yIn9qXmbRP9mmfT,Recycling Cart,False,True,False,False
R_6sCdOxXdi41nIVr,Take to Drop-off Recycling Center,False,False,True,False
R_3drRvB9qjbxxHXj,Recycling Cart,False,True,False,False
R_3stZoCEhtHdYEv7,Take to Drop-off Recycling Center,False,False,True,False
R_CjdYvp0hSrfyrHr,Trash Cart,True,False,False,False
R_Df4j2oKjbx2X8sx,Other (such as can and bottle return or compost),False,False,False,True
R_3PplAruzLhnrpq9,Trash Cart,True,False,False,False
R_2QS90n0J3CkpXwU,Other (such as can and bottle return or compost),False,False,False,True
R_A7e9aYuaP55WUsF,Recycling Cart,False,True,False,False
R_Q660StJyZoh1L5T,Take to Drop-off Recycling Center,False,False,True,False
R_3yBqQpmbVGshha9,"Trash Cart,Other (such as can and bottle return or compost)",True,False,False,True
R_C84dQq259jLpO8N,Take to Drop-off Recycling Center,False,False,True,False
R_3Eu0VjnnWUqrmfq,Recycling Cart,False,True,False,False
R_cZ7x3su4cZtoGqd,Take to Drop-off Recycling Center,False,False,True,False
R_3Ea8yi3UX1CHZgm,Other (such as can and bottle return or compost),False,False,False,True
R_DOAXv6EFqEA8lcR,Trash Cart,True,False,False,False
R_BuhiyXPqmlzoLe1,Recycling Cart,False,True,False,False
R_2DT5y1bdb749YTF,Trash Cart,True,False,False,False
R_3DpyyQ5oN0DGLPR,Trash Cart,True,False,False,False
R_1oHJcf4ecInDPxg,Take to Drop-off Recycling Center,False,False,True,False
R_1NhubF3cXhwvowZ,Trash Cart,True,False,False,False
R_Ado3IVhorJjHdCh,NA,False,False,False,False
R_1LRsd74Lmf0vUAk,NA,False,False,False,False
R_3PpYOisHeizVCF5,Take to Drop-off Recycling Center,False,False,True,False
R_2OHeOTGM58dFZNO,Trash Cart,True,False,False,False
R_1HiPZ5ABrguLMnZ,Recycling Cart,False,True,False,False
R_1gC7uJJ7xmIAKZp,Trash Cart,True,False,False,False
R_0vP8B5eAqk9Wfmx,Recycling Cart,False,True,False,False
R_3RybQo6fuO5hFJJ,Trash Cart,True,False,False,False
R_2TtVDbRXPz15H2u,"Take to Drop-off Recycling Center,Other (such as can and bottle return or compost)",False,False,True,True
R_1PTAnQAImfOHR2A,Take to Drop-off Recycling Center,False,False,True,False
R_2EzBMB21o1fJqKK,Recycling Cart,False,True,False,False
R_7Wja7XaJnubJ1jb,"Trash Cart,Take to Drop-off Recycling Center",True,False,True,False
R_2CcUh3pSwZfWQhs,Trash Cart,True,False,False,False
R_389WQR8wb26jBzr,Take to Drop-off Recycling Center,False,False,True,False
R_2tcnk5lVJHCsiCB,Take to Drop-off Recycling Center,False,False,True,False
R_3EiGE3R4dsrKKWg,Trash Cart,True,False,False,False
R_3g6CifOucuXDDgI,Take to Drop-off Recycling Center,False,False,True,False
R_RRDSzLTJjizG3zb,Take to Drop-off Recycling Center,False,False,True,False
R_1ezBoKw5WPrGlcJ,"Take to Drop-off Recycling Center,Other (such as can and bottle return or compost)",False,False,True,True
R_1QGuzmYZhpAqOaJ,NA,False,False,False,False
R_3CUi5Jdp5sielRl,Trash Cart,True,False,False,False
R_1j8GsAN0Sm6zUxn,Trash Cart,True,False,False,False
R_qw6yTLyhXNubePT,Recycling Cart,False,True,False,False
R_2CTwz6Cl7QuU2kA,Recycling Cart,False,True,False,False
R_1dKZiiotqUH0E3k,Take to Drop-off Recycling Center,False,False,True,False
R_210QE9rrdqn40e3,Recycling Cart,False,True,False,False
R_zShtOsakLIltNx7,Other (such as can and bottle return or compost),False,False,False,True
R_2sSArqRYPEGqYLI,Take to Drop-off Recycling Center,False,False,True,False
R_6XyVEfOMu0vaSuR,Take to Drop-off Recycling Center,False,False,True,False
R_3emAWvo36f0jY75,"Take to Drop-off Recycling Center,Other (such as can and bottle return or compost)",False,False,True,True
R_qxbdsuk1BjrNhzH,Other (such as can and bottle return or compost),False,False,False,True
R_3pyuuVlPMUEqTmh,Recycling Cart,False,True,False,False
R_124RzCXmJM8Hh6E,Trash Cart,True,False,False,False
R_wMnZDJluSVlymad,Other (such as can and bottle return or compost),False,False,False,True
R_2zdx09Xfv1XB9JG,Recycling Cart,False,True,False,False
R_2fJKvE9XiVUPXC5,Other (such as can and bottle return or compost),False,False,False,True
R_3MhcDFDdwvIgCht,Trash Cart,True,False,False,False
R_2Bmk5yZSdQjifuB,Recycling Cart,False,True,False,False
R_24emLcapgeSCov2,NA,False,False,False,False
R_2V8zGRBxp4udmtg,Trash Cart,True,False,False,False
R_3F3z0MqkIwO0nwR,Trash Cart,True,False,False,False
R_2S7grkq9ZpbDHpi,Trash Cart,True,False,False,False
R_3R4oIUHMpsMA7cM,Trash Cart,True,False,False,False
R_838V4xD0j17LPW1,Take to Drop-off Recycling Center,False,False,True,False
R_1K2dzXwE3Z8vAyC,Recycling Cart,False,True,False,False
R_2zd6lj5dzFvyZRH,Recycling Cart,False,True,False,False
R_28ZKNY0yTfBHF4d,Recycling Cart,False,True,False,False
R_ai0nXEtWuS9gdTr,Recycling Cart,False,True,False,False
R_1Ed0sA8iht7WVKF,Other (such as can and bottle return or compost),False,False,False,True
R_2cmYFmnKjkUfNL3,Recycling Cart,False,True,False,False
R_3EtGBFCePWNTPIR,Take to Drop-off Recycling Center,False,False,True,False
R_3MxiXkh9h4MtXJu,Recycling Cart,False,True,False,False
R_1rdAzDCaoqhcZms,Take to Drop-off Recycling Center,False,False,True,False
R_806OSf5x4LP0Mg1,Trash Cart,True,False,False,False
R_cBcGjy1hlmPgJNL,Take to Drop-off Recycling Center,False,False,True,False
R_1Kr3jHJCP0Lsh9T,"Trash Cart,Other (such as can and bottle return or compost)",True,False,False,True
R_C8EkImjY7hNwEpj,Other (such as can and bottle return or compost),False,False,False,True
R_21j2a2qnwcsEDd6,Other (such as can and bottle return or compost),False,False,False,True
R_b3joVTISNL7sPbb,Recycling Cart,False,True,False,False
R_sq8sDAnUJeJb5Xr,"Trash Cart,Other (such as can and bottle return or compost)",True,False,False,True
R_0OsaCJIIUfUmmFX,Recycling Cart,False,True,False,False
R_1hGOD5l0iXsekY0,Take to Drop-off Recycling Center,False,False,True,False
R_ef9S9K1FpNIKbOV,"Trash Cart,Recycling Cart",True,True,False,False
R_3RmwF1aAhkNJBxs,Take to Drop-off Recycling Center,False,False,True,False
R_1QlRmun1GC5Y33A,Other (such as can and bottle return or compost),False,False,False,True
R_2X54ciMYUheU6vO,Trash Cart,True,False,False,False
R_2q4pDz3mT7iYZbu,Other (such as can and bottle return or compost),False,False,False,True
R_6DKWjNhFycV20qB,Trash Cart,True,False,False,False
R_3iIKotxLfrAGmyt,NA,False,False,False,False
R_6GzkLRJgPrtpd7z,Trash Cart,True,False,False,False
R_yNFET7HqVThco49,Take to Drop-off Recycling Center,False,False,True,False
R_sbvbx5snp9giUHn,Trash Cart,True,False,False,False
R_1LU5HafDaXl52XS,Trash Cart,True,False,False,False
R_Rlu6s6l1IOB8WtP,NA,False,False,False,False
R_1BRXCyw8EEJqyPQ,NA,False,False,False,False
R_31BMmjdomNBxcOX,Other (such as can and bottle return or compost),False,False,False,True
R_1E4erKJglRMe8NG,NA,False,False,False,False
R_3FWDPipzgermE3K,NA,False,False,False,False
R_wLhCBA3Qt23h5Ml,NA,False,False,False,False
R_DqvY6ovfAZAm43T,NA,False,False,False,False
R_wTzi2I0tjth8onf,NA,False,False,False,False
R_3fJehrH7esTeniw,Trash Cart,True,False,False,False
R_RzgnpPZ3McSb8SR,NA,False,False,False,False
R_1I4ckt4C85us6cG,Other (such as can and bottle return or compost),False,False,False,True
R_8f6mIbZzplHBx17,Other (such as can and bottle return or compost),False,False,False,True
R_AoEpZ97rb7sA1yN,Take to Drop-off Recycling Center,False,False,True,False
R_W0Y8VZK3fKh4Mdr,NA,False,False,False,False
R_Z8A2CnTQ9tZpKcF,NA,False,False,False,False
R_USWTMdoHPtDMfUl,NA,False,False,False,False
R_3n7QurvmC56XeNs,Trash Cart,True,False,False,False
R_3PYKj1PXnETWzFU,Take to Drop-off Recycling Center,False,False,True,False
R_3CCz2gtvDTS4M2x,NA,False,False,False,False
R_3EbQTBFMmqNGvgd,Other (such as can and bottle return or compost),False,False,False,True
R_11Z5dt9kDZclxjj,Recycling Cart,False,True,False,False
R_1eFCtGsuSozkzge,NA,False,False,False,False
R_2uwkkwsXfACsDyD,Take to Drop-off Recycling Center,False,False,True,False
R_2AKy89OKqYXoKG0,NA,False,False,False,False
R_qLbIagSmlwnXrd7,Trash Cart,True,False,False,False
R_1pJMbs4md2zLRSI,Trash Cart,True,False,False,False
R_1ePD7SXAPku8XPG,NA,False,False,False,False
R_2rvkUsj0T0hgDEv,Take to Drop-off Recycling Center,False,False,True,False
R_73ZMkwKfisJrK13,Other (such as can and bottle return or compost),False,False,False,True
R_1LMcy8Gqeh1K8nG,Recycling Cart,False,True,False,False
R_cMj9qjWjSBgNphn,Trash Cart,True,False,False,False
R_qw0juk4RzZptHDb,NA,False,False,False,False
R_1EXnqOfDqYaeIa8,Take to Drop-off Recycling Center,False,False,True,False
R_20Y8xuoOR0H50Be,Take to Drop-off Recycling Center,False,False,True,False
R_2c0H8WWwUTc7DK9,Trash Cart,True,False,False,False
R_10u6jtz7PG8acWS,NA,False,False,False,False
R_1DIkaYsjt0B06r9,NA,False,False,False,False
R_wM0fJq8E8T9FTpv,Trash Cart,True,False,False,False
R_29ncRIk8PR9hcag,"Trash Cart,Take to Drop-off Recycling Center",True,False,True,False
R_27m6go1Kpx3KiJo,Take to Drop-off Recycling Center,False,False,True,False
R_2Uhp9eIUMdmotk4,NA,False,False,False,False
R_1HjA515m8pkbwAC,NA,False,False,False,False
R_3nf8HJLLUFiwx6q,NA,False,False,False,False
R_umNZG9Z2pSF2WPL,Other (such as can and bottle return or compost),False,False,False,True
R_3QM0u6RqLM3tOHC,NA,False,False,False,False
R_1ocDiDnkhmV0Pye,Other (such as can and bottle return or compost),False,False,False,True
R_bNKysuPOz2djVV7,NA,False,False,False,False
R_bO3EPHNadLgDZ5v,Trash Cart,True,False,False,False
R_2aRYZNtppuXTodk,Take to Drop-off Recycling Center,False,False,True,False
R_9HTWV6pGy4SCIzn,Take to Drop-off Recycling Center,False,False,True,False
R_2rD5J3AoO0FBtNL,NA,False,False,False,False
R_1Fybcd6JK1iqxla,Recycling Cart,False,True,False,False
R_2wiuNjpc8iLjcXW,NA,False,False,False,False
R_3nMgAs26FmrlIHx,NA,False,False,False,False
R_0Bt8UJOZG1Pcz4Z,NA,False,False,False,False
R_2OJaJNbhHmfg5lB,NA,False,False,False,False
R_3GAMcFPPrEJYm1m,NA,False,False,False,False
R_1FPsV0eNewP0h8t,Take to Drop-off Recycling Center,False,False,True,False
R_2SubvuQ2xBjMgjC,NA,False,False,False,False
R_2BmtwT75sYbkaen,Trash Cart,True,False,False,False
R_2w6a38YsVxyze2x,NA,False,False,False,False
R_tJVj4r8uQ0PXTC9,Take to Drop-off Recycling Center,False,False,True,False
R_786xKhNmVap59Rf,NA,False,False,False,False
R_3HqqW5TIT8IJaIl,Trash Cart,True,False,False,False
R_12xlUVoPBcNNul2,Other (such as can and bottle return or compost),False,False,False,True
R_2v6W1rdgnbh5XgH,NA,False,False,False,False
R_1jGQnwtcxtifBTX,NA,False,False,False,False
